{"type":"FeatureCollection","features":[{"type":"Feature","properties":{"zip":"75050"},"geometry":{"type":"Polygon","coordinates":[[[-97.06294,32.76321],[-97.06111,32.76326],[-97.05972,32.76435],[-97.0482,32.76433],[-97.04849,32.76519],[-97.04584,32.76525],[-97.04551,32.76147],[-97.03713,32.76139],[-97.03701,32.75419],[-97.04001,32.75384],[-97.04041,32.74479],[-97.04558,32.74475],[-97.04574,32.73943],[-97.04189,32.73907],[-97.01664,32.7419],[-97.00708,32.74457],[-96.95813,32.74738],[-96.95961,32.74643],[-96.95025,32.74658],[-96.94206,32.74931],[-96.94017,32.74936],[-96.94071,32.74911],[-96.94056,32.7468],[-96.9264,32.74753],[-96.92592,32.75583],[-96.92402,32.76107],[-96.92472,32.76225],[-96.92669,32.76246],[-96.92764,32.76398],[-96.92698,32.76663],[-96.9275,32.76731],[-96.92608,32.76887],[-96.9267,32.77121],[-96.92609,32.78211],[-96.9412,32.7779],[-96.9435,32.77662],[-96.94647,32.77694],[-96.94814,32.77542],[-96.95212,32.77448],[-96.95308,32.77464],[-96.95355,32.77629],[-96.95057,32.77876],[-96.95151,32.77924],[-96.95427,32.7786],[-96.95618,32.77673],[-96.95687,32.77447],[-96.95632,32.77297],[-96.95794,32.7719],[-96.96002,32.77342],[-96.95991,32.78306],[-96.97407,32.78307],[-96.97671,32.78207],[-96.98095,32.7781],[-96.9955,32.77781],[-96.99532,32.80684],[-97.00074,32.80762],[-97.00134,32.81082],[-97.00254,32.8108],[-97.00243,32.81255],[-96.9985,32.81277],[-96.99747,32.81144],[-96.99516,32.81155],[-96.99545,32.81481],[-96.99457,32.81585],[-97.01442,32.81622],[-97.03422,32.8164],[-97.03471,32.78848],[-97.03577,32.78885],[-97.03568,32.79042],[-97.03725,32.79256],[-97.03513,32.79303],[-97.03483,32.79458],[-97.03512,32.79662],[-97.03713,32.79779],[-97.03666,32.80335],[-97.03738,32.80589],[-97.04125,32.80699],[-97.04222,32.80885],[-97.04557,32.8082],[-97.04896,32.8139],[-97.04881,32.8116],[-97.04956,32.81085],[-97.05349,32.81229],[-97.05447,32.81534],[-97.05668,32.81362],[-97.05822,32.81499],[-97.05933,32.81473],[-97.06025,32.81337],[-97.05845,32.81073],[-97.06011,32.80971],[-97.05967,32.80794],[-97.06273,32.80811],[-97.06219,32.80445],[-97.06268,32.78536],[-97.05995,32.78537],[-97.06084,32.78193],[-97.06229,32.78227],[-97.06272,32.78098],[-97.06258,32.77903],[-97.06127,32.77902],[-97.06294,32.76321]]]}},{"type":"Feature","properties":{"zip":"75051"},"geometry":{"type":"Polygon","coordinates":[[[-97.05669,32.73518],[-97.05666,32.728],[-97.04601,32.72791],[-97.04613,32.72063],[-97.04759,32.72063],[-97.04757,32.70612],[-97.04402,32.70613],[-97.04361,32.71113],[-97.04024,32.71073],[-97.04146,32.70983],[-97.03602,32.70978],[-97.036,32.7111],[-97.02481,32.70997],[-97.02416,32.70543],[-97.0198,32.7054],[-97.01978,32.7097],[-97.00594,32.70958],[-97.00575,32.70785],[-97.00274,32.70701],[-97.00244,32.70956],[-96.99321,32.70946],[-96.98736,32.70594],[-96.98174,32.70557],[-96.98533,32.70397],[-96.98571,32.69409],[-96.98531,32.6923],[-96.98125,32.69253],[-96.98081,32.6919],[-96.9772,32.69353],[-96.97701,32.6947],[-96.97588,32.69505],[-96.97611,32.696],[-96.97433,32.69602],[-96.97081,32.69907],[-96.96678,32.70623],[-96.94299,32.73363],[-96.94137,32.73397],[-96.93962,32.73638],[-96.93706,32.73768],[-96.93636,32.73925],[-96.93298,32.7398],[-96.93236,32.74194],[-96.92756,32.74555],[-96.9264,32.74753],[-96.94056,32.7468],[-96.94071,32.74911],[-96.94017,32.74936],[-96.94206,32.74931],[-96.95025,32.74658],[-96.95961,32.74643],[-96.95813,32.74738],[-97.00708,32.74457],[-97.01664,32.7419],[-97.03552,32.73945],[-97.04587,32.73946],[-97.04589,32.73819],[-97.0483,32.73815],[-97.04602,32.73798],[-97.04591,32.73669],[-97.04932,32.73629],[-97.04935,32.73511],[-97.05669,32.73518]]]}},{"type":"Feature","properties":{"zip":"75052"},"geometry":{"type":"Polygon","coordinates":[[[-97.07762,32.60671],[-97.07852,32.59019],[-97.07467,32.59048],[-97.07382,32.59217],[-97.0751,32.59203],[-97.07527,32.59265],[-97.07253,32.59316],[-97.072,32.59499],[-97.06974,32.59402],[-97.06822,32.59505],[-97.06813,32.59441],[-97.06687,32.59425],[-97.06628,32.59528],[-97.06418,32.59453],[-97.06112,32.5967],[-97.05988,32.59927],[-97.06148,32.60229],[-97.05898,32.60437],[-97.0583,32.60911],[-97.04951,32.61824],[-97.04498,32.62132],[-97.04015,32.62292],[-97.03746,32.62284],[-97.03706,32.63099],[-97.03265,32.63066],[-97.02933,32.62916],[-97.02743,32.63123],[-97.02195,32.63154],[-97.02358,32.63297],[-97.02156,32.63255],[-97.02149,32.63397],[-97.02006,32.63385],[-97.01999,32.63521],[-97.01837,32.63528],[-97.01881,32.63725],[-97.02044,32.63745],[-97.02107,32.63783],[-97.01831,32.63794],[-97.01836,32.63688],[-97.01738,32.63631],[-97.01602,32.6372],[-97.01669,32.63836],[-97.01614,32.6394],[-97.01474,32.6386],[-97.01126,32.63972],[-96.99634,32.63288],[-96.99545,32.63972],[-96.9919,32.6428],[-96.99031,32.64253],[-96.98975,32.64383],[-96.99854,32.64463],[-96.99824,32.64586],[-96.99025,32.64988],[-96.99037,32.65198],[-96.98813,32.6533],[-96.98791,32.65523],[-96.98486,32.65575],[-96.98042,32.66626],[-96.97455,32.67232],[-96.97436,32.67508],[-96.97283,32.67681],[-96.97146,32.68143],[-96.97197,32.68291],[-96.97104,32.6844],[-96.97078,32.6873],[-96.9716,32.68988],[-96.97334,32.69141],[-96.97318,32.69733],[-96.97433,32.69602],[-96.97611,32.696],[-96.97588,32.69505],[-96.97701,32.6947],[-96.9772,32.69353],[-96.9807,32.69192],[-96.98125,32.69253],[-96.98531,32.6923],[-96.98533,32.70397],[-96.98174,32.70557],[-96.98736,32.70594],[-96.99345,32.7095],[-97.00244,32.70956],[-97.00274,32.70701],[-97.00575,32.70785],[-97.00594,32.70958],[-97.01978,32.7097],[-97.0198,32.7054],[-97.02416,32.70543],[-97.02481,32.70997],[-97.036,32.7111],[-97.03602,32.70978],[-97.04146,32.70983],[-97.04024,32.71073],[-97.04361,32.71113],[-97.04408,32.70612],[-97.06404,32.70606],[-97.06322,32.70342],[-97.06276,32.6772],[-97.05614,32.67661],[-97.05937,32.67541],[-97.06005,32.67299],[-97.0619,32.67055],[-97.06216,32.6681],[-97.06349,32.6681],[-97.06377,32.66163],[-97.06248,32.65209],[-97.06417,32.64862],[-97.0636,32.64546],[-97.0644,32.63934],[-97.06632,32.63226],[-97.07446,32.62175],[-97.07687,32.61696],[-97.07837,32.60939],[-97.07762,32.60671]]]}},{"type":"Feature","properties":{"zip":"75054"},"geometry":{"type":"Polygon","coordinates":[[[-97.07535,32.5925],[-97.07382,32.59217],[-97.07467,32.59048],[-97.07357,32.58864],[-97.0661,32.59224],[-97.05586,32.57603],[-97.05343,32.57372],[-97.0531,32.56325],[-97.04902,32.56305],[-97.0484,32.56125],[-97.04688,32.56025],[-97.04784,32.55853],[-97.05391,32.55561],[-97.05538,32.55242],[-97.05499,32.55057],[-97.05352,32.55027],[-97.05272,32.54884],[-97.03868,32.54867],[-97.03829,32.57336],[-97.0213,32.58467],[-97.01897,32.59691],[-97.00977,32.60437],[-96.99988,32.6213],[-97.00048,32.62221],[-96.99937,32.62325],[-96.9985,32.62709],[-96.99614,32.62996],[-96.99634,32.63288],[-97.01126,32.63972],[-97.01474,32.6386],[-97.01614,32.6394],[-97.01669,32.63836],[-97.01602,32.6372],[-97.01738,32.63631],[-97.01836,32.63688],[-97.01831,32.63794],[-97.02107,32.63783],[-97.01881,32.63725],[-97.01837,32.63528],[-97.01999,32.63521],[-97.02006,32.63385],[-97.02149,32.63397],[-97.02156,32.63255],[-97.02358,32.63297],[-97.02195,32.63154],[-97.02743,32.63123],[-97.02933,32.62916],[-97.03265,32.63066],[-97.03706,32.63099],[-97.03746,32.62284],[-97.04015,32.62292],[-97.04498,32.62132],[-97.04951,32.61824],[-97.0583,32.60911],[-97.05898,32.60437],[-97.06148,32.60229],[-97.05988,32.59927],[-97.06112,32.5967],[-97.06418,32.59453],[-97.06628,32.59528],[-97.06687,32.59425],[-97.06813,32.59441],[-97.06822,32.59505],[-97.06974,32.59402],[-97.072,32.59499],[-97.07253,32.59316],[-97.07428,32.5933],[-97.07535,32.5925]]]}},{"type":"Feature","properties":{"zip":"75261"},"geometry":{"type":"Polygon","coordinates":[[[-97.09233,32.913],[-97.08954,32.91013],[-97.08999,32.90921],[-97.08217,32.90271],[-97.08232,32.89175],[-97.07449,32.87869],[-97.06763,32.87061],[-97.06546,32.86674],[-97.06465,32.8635],[-97.06444,32.85348],[-97.06157,32.84244],[-97.06129,32.83784],[-97.05595,32.83869],[-97.04604,32.83702],[-97.03386,32.83695],[-97.03224,32.92559],[-97.03921,32.92635],[-97.04825,32.926],[-97.05645,32.92367],[-97.05992,32.91963],[-97.06363,32.91788],[-97.08638,32.91829],[-97.08727,32.9165],[-97.09004,32.9152],[-97.09233,32.913]]]}},{"type":"Feature","properties":{"zip":"76001"},"geometry":{"type":"Polygon","coordinates":[[[-97.19455,32.63161],[-97.19426,32.62544],[-97.18989,32.6228],[-97.19004,32.61913],[-97.18841,32.6155],[-97.18098,32.60853],[-97.17055,32.6137],[-97.15471,32.61399],[-97.15467,32.61615],[-97.13975,32.61601],[-97.14248,32.6117],[-97.14109,32.61155],[-97.12524,32.61147],[-97.12032,32.61388],[-97.11762,32.60984],[-97.11787,32.61233],[-97.11556,32.61901],[-97.11554,32.64471],[-97.12333,32.64498],[-97.12624,32.6477],[-97.12839,32.64845],[-97.17946,32.64923],[-97.18252,32.64651],[-97.18332,32.64447],[-97.18449,32.64625],[-97.18582,32.64626],[-97.19376,32.65609],[-97.19336,32.65286],[-97.19432,32.65129],[-97.19335,32.64622],[-97.189,32.64621],[-97.18889,32.63482],[-97.19288,32.63464],[-97.19294,32.63118],[-97.19455,32.63161]]]}},{"type":"Feature","properties":{"zip":"76002"},"geometry":{"type":"Polygon","coordinates":[[[-97.11792,32.61185],[-97.11643,32.60825],[-97.10582,32.61335],[-97.09374,32.5966],[-97.09076,32.59802],[-97.08319,32.58689],[-97.08301,32.58875],[-97.07852,32.59019],[-97.07762,32.60671],[-97.07837,32.60939],[-97.07633,32.61858],[-97.06582,32.63341],[-97.06555,32.63553],[-97.06705,32.63696],[-97.06693,32.64344],[-97.07319,32.64107],[-97.09479,32.64126],[-97.10226,32.6448],[-97.11554,32.64471],[-97.11558,32.61878],[-97.11792,32.61185]]]}},{"type":"Feature","properties":{"zip":"76005"},"geometry":{"type":"Polygon","coordinates":[[[-97.09952,32.80876],[-97.09774,32.79881],[-97.0974,32.79075],[-97.096,32.78601],[-97.08858,32.78795],[-97.08884,32.78443],[-97.08669,32.78294],[-97.08417,32.78317],[-97.08326,32.78155],[-97.08184,32.7827],[-97.0814,32.78487],[-97.07803,32.78319],[-97.07347,32.7853],[-97.07341,32.79075],[-97.07004,32.7914],[-97.06939,32.79483],[-97.06694,32.79386],[-97.06634,32.7964],[-97.06414,32.79625],[-97.06346,32.79782],[-97.06535,32.79987],[-97.06336,32.80028],[-97.06292,32.80107],[-97.06219,32.80445],[-97.06267,32.80832],[-97.05967,32.80794],[-97.06011,32.80971],[-97.05845,32.81073],[-97.06025,32.81337],[-97.0592,32.81486],[-97.05822,32.81499],[-97.05657,32.81365],[-97.0589,32.81712],[-97.06448,32.81672],[-97.08267,32.81266],[-97.08239,32.81078],[-97.09029,32.81087],[-97.09952,32.80876]]]}},{"type":"Feature","properties":{"zip":"76006"},"geometry":{"type":"Polygon","coordinates":[[[-97.14016,32.80353],[-97.13987,32.7793],[-97.13528,32.77867],[-97.13357,32.77928],[-97.12547,32.77913],[-97.12064,32.78197],[-97.11483,32.78288],[-97.1143,32.77568],[-97.09158,32.77529],[-97.08534,32.77302],[-97.08533,32.76007],[-97.06652,32.75977],[-97.0638,32.76364],[-97.0635,32.76722],[-97.0626,32.7672],[-97.06127,32.77902],[-97.06258,32.77903],[-97.06272,32.78098],[-97.06229,32.78227],[-97.06084,32.78193],[-97.05995,32.78537],[-97.06265,32.78518],[-97.06268,32.80211],[-97.06325,32.80037],[-97.06535,32.79987],[-97.06346,32.79782],[-97.06414,32.79625],[-97.06634,32.7964],[-97.06694,32.79386],[-97.06939,32.79483],[-97.07004,32.7914],[-97.07347,32.79067],[-97.07347,32.7853],[-97.07803,32.78319],[-97.0814,32.78487],[-97.08184,32.7827],[-97.08326,32.78155],[-97.08417,32.78317],[-97.08669,32.78294],[-97.08884,32.78443],[-97.08858,32.78795],[-97.096,32.78601],[-97.0974,32.79075],[-97.09774,32.79881],[-97.09952,32.80876],[-97.12495,32.80287],[-97.14016,32.80353]]]}},{"type":"Feature","properties":{"zip":"76010"},"geometry":{"type":"Polygon","coordinates":[[[-97.11569,32.70871],[-97.1147,32.70837],[-97.11465,32.70619],[-97.11323,32.70592],[-97.04757,32.70604],[-97.04759,32.72063],[-97.04613,32.72063],[-97.04601,32.72791],[-97.05666,32.728],[-97.05669,32.73518],[-97.04935,32.73511],[-97.04932,32.73629],[-97.04591,32.73669],[-97.04602,32.73798],[-97.0483,32.73815],[-97.04589,32.73819],[-97.04573,32.73954],[-97.06272,32.7428],[-97.07345,32.74287],[-97.07651,32.7423],[-97.09024,32.73681],[-97.11452,32.73756],[-97.11463,32.71078],[-97.11569,32.70871]]]}},{"type":"Feature","properties":{"zip":"76011"},"geometry":{"type":"Polygon","coordinates":[[[-97.11371,32.75345],[-97.11452,32.73756],[-97.09492,32.73682],[-97.08834,32.73723],[-97.07651,32.7423],[-97.07345,32.74287],[-97.06272,32.7428],[-97.04602,32.73922],[-97.04558,32.74475],[-97.04041,32.74479],[-97.04001,32.75384],[-97.03701,32.75419],[-97.03713,32.76139],[-97.04551,32.76147],[-97.04584,32.76525],[-97.04849,32.76519],[-97.0482,32.76433],[-97.05972,32.76435],[-97.06295,32.763],[-97.0626,32.7672],[-97.0635,32.76722],[-97.0638,32.76364],[-97.06652,32.75977],[-97.08533,32.76007],[-97.08534,32.77302],[-97.08738,32.77416],[-97.09176,32.7753],[-97.11419,32.77568],[-97.11443,32.7558],[-97.11371,32.75345]]]}},{"type":"Feature","properties":{"zip":"76012"},"geometry":{"type":"Polygon","coordinates":[[[-97.17978,32.73116],[-97.16935,32.7321],[-97.16942,32.7315],[-97.16689,32.73156],[-97.15291,32.73379],[-97.13601,32.73498],[-97.12491,32.73784],[-97.11452,32.73756],[-97.11371,32.75345],[-97.11443,32.7558],[-97.11415,32.77415],[-97.11483,32.78288],[-97.12064,32.78197],[-97.12547,32.77913],[-97.13357,32.77928],[-97.13528,32.77867],[-97.13987,32.7793],[-97.14011,32.78839],[-97.14177,32.78783],[-97.14163,32.78599],[-97.14285,32.78484],[-97.14204,32.78285],[-97.1424,32.78078],[-97.14409,32.78007],[-97.14542,32.78141],[-97.14572,32.77826],[-97.14834,32.77846],[-97.14936,32.77615],[-97.14864,32.77155],[-97.15041,32.77122],[-97.15226,32.76944],[-97.15258,32.76827],[-97.1517,32.76707],[-97.15051,32.76931],[-97.15019,32.76798],[-97.14907,32.76767],[-97.14973,32.75924],[-97.15442,32.75701],[-97.16109,32.75756],[-97.16108,32.75654],[-97.16301,32.75587],[-97.16307,32.7456],[-97.16917,32.74401],[-97.17295,32.74175],[-97.17402,32.7396],[-97.17923,32.73603],[-97.17978,32.73116]]]}},{"type":"Feature","properties":{"zip":"76013"},"geometry":{"type":"Polygon","coordinates":[[[-97.21003,32.7216],[-97.20226,32.71248],[-97.19529,32.70803],[-97.18054,32.70689],[-97.13947,32.70666],[-97.13954,32.70307],[-97.13846,32.70306],[-97.13788,32.70666],[-97.11743,32.70644],[-97.11817,32.70515],[-97.11478,32.70543],[-97.1147,32.70837],[-97.11586,32.7085],[-97.11463,32.71078],[-97.11452,32.73756],[-97.12491,32.73784],[-97.13601,32.73498],[-97.15291,32.73379],[-97.16689,32.73156],[-97.17499,32.73182],[-97.19884,32.72867],[-97.19968,32.728],[-97.20773,32.72798],[-97.20775,32.72511],[-97.20972,32.72667],[-97.20829,32.72378],[-97.21003,32.7216]]]}},{"type":"Feature","properties":{"zip":"76014"},"geometry":{"type":"Polygon","coordinates":[[[-97.11501,32.69551],[-97.11481,32.6808],[-97.11357,32.68086],[-97.11347,32.68161],[-97.10907,32.68152],[-97.10907,32.68048],[-97.10664,32.68054],[-97.1064,32.68187],[-97.10381,32.68129],[-97.104,32.67772],[-97.06276,32.6772],[-97.06322,32.70342],[-97.06404,32.70606],[-97.11344,32.70593],[-97.11266,32.70307],[-97.11336,32.7014],[-97.11217,32.70099],[-97.11232,32.69996],[-97.11458,32.69834],[-97.11373,32.69691],[-97.11501,32.69551]]]}},{"type":"Feature","properties":{"zip":"76015"},"geometry":{"type":"Polygon","coordinates":[[[-97.15553,32.70313],[-97.15451,32.69902],[-97.15234,32.69854],[-97.15204,32.69655],[-97.14994,32.69658],[-97.14991,32.69339],[-97.15054,32.69338],[-97.15049,32.69148],[-97.1513,32.6915],[-97.15134,32.69084],[-97.15045,32.69082],[-97.15014,32.68618],[-97.14945,32.68615],[-97.14949,32.67439],[-97.13506,32.67527],[-97.13486,32.67906],[-97.13245,32.67882],[-97.1323,32.67748],[-97.13135,32.67695],[-97.12848,32.67722],[-97.12654,32.67852],[-97.12369,32.67854],[-97.12369,32.67771],[-97.1205,32.67833],[-97.121,32.68004],[-97.11504,32.68247],[-97.11501,32.69551],[-97.11373,32.69691],[-97.11458,32.69834],[-97.11232,32.69996],[-97.11217,32.70099],[-97.11336,32.7014],[-97.11266,32.70307],[-97.11344,32.70593],[-97.118,32.70511],[-97.11743,32.70644],[-97.13788,32.70666],[-97.13846,32.70306],[-97.13954,32.70307],[-97.13947,32.70666],[-97.1492,32.70679],[-97.14922,32.70313],[-97.15553,32.70313]]]}},{"type":"Feature","properties":{"zip":"76016"},"geometry":{"type":"Polygon","coordinates":[[[-97.23351,32.67128],[-97.23146,32.66908],[-97.23148,32.66807],[-97.2229,32.66796],[-97.21334,32.66925],[-97.20052,32.67299],[-97.19981,32.67397],[-97.20303,32.67303],[-97.20244,32.67497],[-97.20099,32.67429],[-97.19876,32.67491],[-97.19988,32.67351],[-97.19339,32.67532],[-97.18241,32.67623],[-97.14949,32.67439],[-97.14945,32.68615],[-97.15014,32.68618],[-97.15045,32.69082],[-97.15134,32.69084],[-97.1513,32.6915],[-97.15049,32.69148],[-97.15054,32.69338],[-97.14991,32.69339],[-97.14994,32.69658],[-97.15204,32.69655],[-97.15234,32.69854],[-97.15451,32.69902],[-97.15553,32.70313],[-97.14922,32.70313],[-97.1492,32.70679],[-97.18054,32.70689],[-97.19468,32.70796],[-97.19759,32.70924],[-97.20271,32.71335],[-97.20883,32.71317],[-97.20924,32.70249],[-97.21134,32.6969],[-97.21518,32.69327],[-97.22369,32.69153],[-97.22591,32.69008],[-97.22926,32.67789],[-97.2308,32.67507],[-97.23282,32.67352],[-97.23351,32.67128]]]}},{"type":"Feature","properties":{"zip":"76017"},"geometry":{"type":"Polygon","coordinates":[[[-97.22445,32.66079],[-97.21704,32.6604],[-97.21708,32.65647],[-97.21631,32.65637],[-97.21175,32.6567],[-97.21178,32.66042],[-97.20689,32.66115],[-97.20682,32.65674],[-97.20189,32.65672],[-97.20256,32.65398],[-97.19864,32.6547],[-97.19777,32.6539],[-97.19783,32.6519],[-97.2003,32.64935],[-97.19444,32.64935],[-97.19442,32.64646],[-97.19335,32.64622],[-97.19432,32.65129],[-97.19336,32.65286],[-97.19376,32.65609],[-97.18582,32.64626],[-97.18449,32.64625],[-97.18332,32.64447],[-97.18252,32.64651],[-97.17946,32.64923],[-97.12839,32.64845],[-97.12624,32.6477],[-97.12333,32.64498],[-97.11554,32.64471],[-97.11522,32.65204],[-97.11997,32.65527],[-97.1152,32.65524],[-97.11507,32.66789],[-97.11739,32.66815],[-97.11753,32.67033],[-97.12332,32.67043],[-97.12328,32.67689],[-97.11942,32.67758],[-97.11941,32.67405],[-97.11657,32.67399],[-97.11659,32.67762],[-97.11508,32.67766],[-97.11504,32.68247],[-97.121,32.68004],[-97.1205,32.67833],[-97.12369,32.67771],[-97.12369,32.67854],[-97.12654,32.67852],[-97.12848,32.67722],[-97.13135,32.67695],[-97.1323,32.67748],[-97.13245,32.67882],[-97.13486,32.67906],[-97.13506,32.67527],[-97.14177,32.67445],[-97.16201,32.67464],[-97.18304,32.67623],[-97.19339,32.67532],[-97.19988,32.67351],[-97.19876,32.67491],[-97.20099,32.67429],[-97.20244,32.67497],[-97.20303,32.67303],[-97.19981,32.67397],[-97.20052,32.67299],[-97.21334,32.66925],[-97.22336,32.66796],[-97.22347,32.66237],[-97.22445,32.66079]]]}},{"type":"Feature","properties":{"zip":"76018"},"geometry":{"type":"Polygon","coordinates":[[[-97.12328,32.67689],[-97.12332,32.67043],[-97.11753,32.67033],[-97.11739,32.66815],[-97.11507,32.66789],[-97.1152,32.65524],[-97.11997,32.65527],[-97.11522,32.65204],[-97.11554,32.64471],[-97.10226,32.6448],[-97.09479,32.64126],[-97.07319,32.64107],[-97.06693,32.64344],[-97.06705,32.63696],[-97.06555,32.63553],[-97.06383,32.64277],[-97.06417,32.64862],[-97.06248,32.65209],[-97.06377,32.66163],[-97.06349,32.6681],[-97.06216,32.6681],[-97.0619,32.67055],[-97.06005,32.67299],[-97.05937,32.67541],[-97.05614,32.67706],[-97.104,32.67772],[-97.10381,32.68129],[-97.1064,32.68187],[-97.10664,32.68054],[-97.10907,32.68048],[-97.10907,32.68152],[-97.11347,32.68161],[-97.11357,32.68086],[-97.11481,32.6808],[-97.11491,32.68263],[-97.11508,32.67766],[-97.11659,32.67762],[-97.11657,32.67399],[-97.11941,32.67405],[-97.11942,32.67758],[-97.12328,32.67689]]]}},{"type":"Feature","properties":{"zip":"76020"},"geometry":{"type":"Polygon","coordinates":[[[-97.67657,32.8164],[-97.67101,32.81007],[-97.66548,32.80976],[-97.66526,32.80807],[-97.66534,32.82123],[-97.65775,32.82108],[-97.6549,32.81885],[-97.65423,32.81671],[-97.63544,32.81665],[-97.63351,32.81398],[-97.63007,32.81287],[-97.62635,32.81313],[-97.62766,32.80985],[-97.62704,32.80837],[-97.63784,32.80845],[-97.62803,32.79352],[-97.62793,32.80191],[-97.62109,32.80187],[-97.62111,32.7996],[-97.61805,32.79948],[-97.61799,32.80751],[-97.61868,32.80796],[-97.61702,32.80836],[-97.61331,32.81186],[-97.60755,32.81228],[-97.60668,32.8115],[-97.60028,32.81229],[-97.59994,32.81682],[-97.59737,32.82144],[-97.59733,32.82643],[-97.5855,32.82647],[-97.5852,32.82904],[-97.57947,32.82926],[-97.56844,32.82806],[-97.56833,32.82492],[-97.56675,32.82447],[-97.56603,32.8227],[-97.56324,32.82342],[-97.56385,32.82485],[-97.56213,32.82532],[-97.55949,32.82401],[-97.55784,32.82418],[-97.55684,32.82503],[-97.55667,32.82658],[-97.55433,32.82519],[-97.55257,32.82292],[-97.55072,32.82325],[-97.55064,32.82218],[-97.54905,32.82171],[-97.5477,32.82191],[-97.54759,32.82685],[-97.54272,32.82526],[-97.52949,32.82538],[-97.53181,32.83336],[-97.53075,32.83485],[-97.53098,32.83666],[-97.53137,32.83732],[-97.53522,32.8344],[-97.53644,32.83807],[-97.53523,32.83796],[-97.53518,32.84201],[-97.53766,32.84207],[-97.53773,32.8432],[-97.53854,32.84319],[-97.53856,32.84456],[-97.53969,32.84555],[-97.53797,32.84542],[-97.53794,32.84794],[-97.53102,32.84796],[-97.53098,32.8496],[-97.52336,32.84959],[-97.52337,32.85324],[-97.52473,32.85323],[-97.52238,32.85526],[-97.51356,32.85542],[-97.51306,32.85604],[-97.51922,32.85999],[-97.51299,32.86074],[-97.51264,32.87155],[-97.51169,32.87185],[-97.51123,32.86728],[-97.50964,32.87286],[-97.51558,32.87416],[-97.52409,32.87731],[-97.52449,32.87764],[-97.52218,32.87685],[-97.52209,32.87812],[-97.52403,32.87917],[-97.52478,32.88089],[-97.52369,32.87925],[-97.52131,32.87869],[-97.51987,32.87694],[-97.512,32.87668],[-97.5122,32.87576],[-97.50935,32.87513],[-97.50955,32.87637],[-97.50872,32.87732],[-97.50902,32.88141],[-97.50977,32.88212],[-97.50962,32.88664],[-97.51281,32.89376],[-97.49925,32.89367],[-97.49437,32.89949],[-97.49333,32.90211],[-97.49363,32.90523],[-97.49707,32.91235],[-97.49602,32.92068],[-97.49714,32.92504],[-97.49902,32.92726],[-97.50345,32.92988],[-97.50521,32.93383],[-97.50915,32.93655],[-97.51255,32.94127],[-97.51415,32.94518],[-97.51411,32.94945],[-97.51164,32.95376],[-97.51144,32.95547],[-97.50955,32.95848],[-97.50573,32.96152],[-97.50449,32.96563],[-97.50508,32.96738],[-97.51025,32.97395],[-97.50784,32.98449],[-97.50783,32.98982],[-97.51178,32.99352],[-97.51592,32.99495],[-97.51623,33.00233],[-97.51434,33.00493],[-97.51733,33.00883],[-97.52015,33.00882],[-97.52296,33.00625],[-97.52403,33.00614],[-97.54434,33.0063],[-97.54435,33.00108],[-97.5458,33.00109],[-97.54577,33.00231],[-97.54912,33.00234],[-97.54912,33.00354],[-97.5534,33.00359],[-97.55347,33.00424],[-97.56059,33.00511],[-97.56073,33.00873],[-97.56977,33.00878],[-97.57117,33.00744],[-97.56827,33.00694],[-97.56861,33.00136],[-97.57817,33.00142],[-97.57912,32.99511],[-97.5778,32.9951],[-97.57811,32.98685],[-97.58194,32.98654],[-97.58211,32.97961],[-97.60176,32.97947],[-97.60151,32.97255],[-97.59423,32.97261],[-97.59454,32.96762],[-97.59917,32.96762],[-97.5988,32.96148],[-97.59523,32.96057],[-97.59496,32.95934],[-97.59359,32.95837],[-97.59369,32.95666],[-97.58602,32.95464],[-97.58561,32.95149],[-97.58278,32.94762],[-97.58324,32.94455],[-97.58227,32.94389],[-97.58148,32.93831],[-97.57989,32.93587],[-97.57543,32.93299],[-97.57183,32.93272],[-97.56813,32.93055],[-97.56461,32.93014],[-97.57326,32.93005],[-97.57325,32.92841],[-97.58681,32.92843],[-97.58678,32.92121],[-97.59544,32.92126],[-97.59547,32.91819],[-97.59778,32.91946],[-97.59791,32.91454],[-97.59553,32.91461],[-97.59552,32.90858],[-97.59082,32.90857],[-97.59078,32.90957],[-97.58751,32.90913],[-97.58843,32.9049],[-97.5874,32.90582],[-97.5874,32.90442],[-97.58147,32.90376],[-97.58202,32.88482],[-97.58883,32.87875],[-97.59301,32.87996],[-97.59393,32.87744],[-97.61709,32.87749],[-97.61717,32.8735],[-97.60874,32.87183],[-97.60877,32.86976],[-97.61513,32.86951],[-97.61517,32.86791],[-97.61723,32.86791],[-97.6173,32.86436],[-97.61474,32.86432],[-97.61474,32.86237],[-97.62726,32.86269],[-97.6274,32.85809],[-97.62948,32.85807],[-97.62966,32.854],[-97.62887,32.85328],[-97.62339,32.85338],[-97.62152,32.85503],[-97.61533,32.85432],[-97.61698,32.85126],[-97.61699,32.84823],[-97.62112,32.8468],[-97.62199,32.84889],[-97.62408,32.84944],[-97.62589,32.85145],[-97.62812,32.84996],[-97.62931,32.85244],[-97.63094,32.85151],[-97.63373,32.85323],[-97.63473,32.85276],[-97.63499,32.85419],[-97.63751,32.85471],[-97.63824,32.85571],[-97.64398,32.85541],[-97.64482,32.85746],[-97.64366,32.8593],[-97.64522,32.85949],[-97.64486,32.86015],[-97.64756,32.86198],[-97.64829,32.86169],[-97.64919,32.86294],[-97.65292,32.86274],[-97.65486,32.85675],[-97.65733,32.85398],[-97.65824,32.84526],[-97.65751,32.8418],[-97.65844,32.83943],[-97.65689,32.83713],[-97.6607,32.83479],[-97.67657,32.8164]]]}},{"type":"Feature","properties":{"zip":"76021"},"geometry":{"type":"Polygon","coordinates":[[[-97.16864,32.85226],[-97.16691,32.85021],[-97.16692,32.84911],[-97.15927,32.84908],[-97.15945,32.84003],[-97.15272,32.83992],[-97.14349,32.83686],[-97.09983,32.83758],[-97.09973,32.86622],[-97.15124,32.86681],[-97.15129,32.86458],[-97.15557,32.86468],[-97.15558,32.86778],[-97.15992,32.86777],[-97.15988,32.86107],[-97.16638,32.86011],[-97.16779,32.86054],[-97.16743,32.85385],[-97.16864,32.85226]]]}},{"type":"Feature","properties":{"zip":"76022"},"geometry":{"type":"Polygon","coordinates":[[[-97.16785,32.83399],[-97.16644,32.83396],[-97.16643,32.82721],[-97.16434,32.82729],[-97.16449,32.82356],[-97.15547,32.82341],[-97.15125,32.82209],[-97.12459,32.82211],[-97.12459,32.82584],[-97.12579,32.82583],[-97.1255,32.82963],[-97.12121,32.82965],[-97.12098,32.83395],[-97.12044,32.83394],[-97.12262,32.83698],[-97.11966,32.83702],[-97.11969,32.83766],[-97.14349,32.83686],[-97.15301,32.83997],[-97.16322,32.83994],[-97.16619,32.83955],[-97.16612,32.83571],[-97.16775,32.83569],[-97.16785,32.83399]]]}},{"type":"Feature","properties":{"zip":"76028"},"geometry":{"type":"MultiPolygon","coordinates":[[[[-97.4294,32.51423],[-97.42719,32.50119],[-97.42363,32.50445],[-97.4231,32.5012],[-97.41435,32.49374],[-97.41439,32.49169],[-97.41551,32.49168],[-97.41553,32.48715],[-97.40791,32.48773],[-97.40733,32.48915],[-97.40306,32.48875],[-97.40374,32.48827],[-97.40379,32.48647],[-97.39801,32.48745],[-97.39644,32.48868],[-97.39585,32.49148],[-97.39375,32.49331],[-97.38761,32.48801],[-97.38301,32.4918],[-97.37679,32.48674],[-97.37612,32.48724],[-97.37639,32.48662],[-97.37244,32.49038],[-97.36932,32.48851],[-97.36434,32.48715],[-97.36752,32.48301],[-97.36465,32.48099],[-97.36584,32.48001],[-97.36288,32.47739],[-97.3615,32.47848],[-97.36046,32.47769],[-97.35868,32.47904],[-97.35664,32.47728],[-97.35894,32.47527],[-97.35021,32.46689],[-97.3515,32.46569],[-97.35089,32.46301],[-97.35414,32.4631],[-97.35425,32.45983],[-97.35127,32.45973],[-97.35126,32.45901],[-97.35042,32.45898],[-97.35047,32.45775],[-97.34203,32.45837],[-97.3394,32.45984],[-97.3203,32.45965],[-97.31951,32.45935],[-97.31959,32.45357],[-97.31805,32.44975],[-97.3168,32.45013],[-97.31663,32.45345],[-97.31401,32.45338],[-97.31392,32.45476],[-97.31314,32.45471],[-97.31324,32.45683],[-97.31184,32.45686],[-97.31184,32.45809],[-97.3125,32.45869],[-97.31287,32.46236],[-97.31592,32.46237],[-97.31587,32.466],[-97.32026,32.46595],[-97.32032,32.46719],[-97.31737,32.46904],[-97.31015,32.47109],[-97.31297,32.47822],[-97.31009,32.47774],[-97.30705,32.47879],[-97.30682,32.48072],[-97.30469,32.48287],[-97.3014,32.48425],[-97.2959,32.48414],[-97.29591,32.48108],[-97.29301,32.48303],[-97.29109,32.4804],[-97.28715,32.47827],[-97.28725,32.47492],[-97.28396,32.47648],[-97.28355,32.47226],[-97.27865,32.47162],[-97.27961,32.47126],[-97.27927,32.46862],[-97.2761,32.46812],[-97.27475,32.4662],[-97.27133,32.46779],[-97.2707,32.4657],[-97.26917,32.46603],[-97.26826,32.46474],[-97.25694,32.46521],[-97.26074,32.47238],[-97.25724,32.47464],[-97.26184,32.48152],[-97.23835,32.49308],[-97.23986,32.4956],[-97.23783,32.49655],[-97.23498,32.49224],[-97.23187,32.49315],[-97.23039,32.49092],[-97.22878,32.49474],[-97.22572,32.49652],[-97.22674,32.49812],[-97.22384,32.49953],[-97.22495,32.50133],[-97.22148,32.50311],[-97.21918,32.49971],[-97.21279,32.50275],[-97.2157,32.5062],[-97.21195,32.50634],[-97.21139,32.50745],[-97.21228,32.50879],[-97.21165,32.50993],[-97.20826,32.51102],[-97.209,32.51502],[-97.20756,32.51499],[-97.20734,32.51643],[-97.20518,32.51749],[-97.20405,32.51575],[-97.19938,32.51808],[-97.19804,32.51626],[-97.20007,32.51534],[-97.19895,32.51367],[-97.19943,32.51316],[-97.19837,32.51298],[-97.1989,32.51174],[-97.19725,32.51004],[-97.19382,32.51097],[-97.19054,32.50638],[-97.18917,32.5065],[-97.18915,32.50738],[-97.18819,32.50749],[-97.18804,32.50661],[-97.18613,32.50687],[-97.18714,32.51293],[-97.18572,32.5134],[-97.18563,32.51464],[-97.18672,32.51658],[-97.18781,32.51619],[-97.18984,32.51882],[-97.19784,32.52384],[-97.20288,32.53099],[-97.20806,32.53487],[-97.21074,32.53846],[-97.20968,32.53881],[-97.21,32.53983],[-97.21142,32.53933],[-97.21253,32.54131],[-97.21358,32.54077],[-97.21559,32.54368],[-97.21268,32.54519],[-97.21394,32.54704],[-97.20976,32.54859],[-97.21071,32.55064],[-97.20892,32.55037],[-97.20925,32.55113],[-97.21416,32.5515],[-97.21411,32.55658],[-97.21169,32.55701],[-97.20622,32.56018],[-97.21145,32.56787],[-97.2113,32.57422],[-97.22007,32.57636],[-97.22011,32.57281],[-97.22865,32.57252],[-97.22927,32.5713],[-97.22869,32.5713],[-97.22869,32.56956],[-97.23425,32.56891],[-97.23422,32.56986],[-97.23537,32.57088],[-97.23498,32.5733],[-97.23716,32.57321],[-97.23719,32.57623],[-97.24143,32.57627],[-97.24137,32.57988],[-97.24302,32.57993],[-97.243,32.58192],[-97.25247,32.58189],[-97.25261,32.58364],[-97.25903,32.58386],[-97.25892,32.58757],[-97.26147,32.58757],[-97.26152,32.58172],[-97.26334,32.58172],[-97.26335,32.57958],[-97.26524,32.57957],[-97.26624,32.58551],[-97.26795,32.58549],[-97.26975,32.58908],[-97.27335,32.5891],[-97.27345,32.59094],[-97.27858,32.59114],[-97.27523,32.59424],[-97.27875,32.59484],[-97.27992,32.59616],[-97.28571,32.59504],[-97.2906,32.5976],[-97.30825,32.59764],[-97.3087,32.59924],[-97.31712,32.59926],[-97.31953,32.59921],[-97.31961,32.58842],[-97.32059,32.58974],[-97.32287,32.59024],[-97.32275,32.59131],[-97.32725,32.58989],[-97.32525,32.57793],[-97.33452,32.57799],[-97.3346,32.57182],[-97.34537,32.569],[-97.35131,32.56444],[-97.35143,32.56385],[-97.34392,32.55745],[-97.35061,32.5518],[-97.35229,32.55328],[-97.36381,32.55341],[-97.3707,32.54787],[-97.37205,32.54814],[-97.38431,32.53802],[-97.38525,32.53811],[-97.39277,32.53131],[-97.39584,32.53393],[-97.39829,32.53118],[-97.40115,32.53263],[-97.40161,32.53206],[-97.40402,32.53395],[-97.41007,32.52884],[-97.41153,32.53009],[-97.41362,32.52845],[-97.41498,32.5285],[-97.42035,32.52421],[-97.42219,32.52532],[-97.42262,32.52129],[-97.4284,32.51631],[-97.4294,32.51423]]],[[[-97.40518,32.48302],[-97.40445,32.47314],[-97.39928,32.47283],[-97.39913,32.47749],[-97.39091,32.47742],[-97.39085,32.48506],[-97.39604,32.48548],[-97.39632,32.48729],[-97.40136,32.48583],[-97.40518,32.48302]]]]}},{"type":"Feature","properties":{"zip":"76034"},"geometry":{"type":"Polygon","coordinates":[[[-97.1866,32.91175],[-97.18596,32.90123],[-97.18596,32.88918],[-97.1788,32.889],[-97.1788,32.88774],[-97.1771,32.88768],[-97.17707,32.8862],[-97.17393,32.88862],[-97.17447,32.88523],[-97.17381,32.88523],[-97.17369,32.88058],[-97.17413,32.88131],[-97.1768,32.88131],[-97.17731,32.88041],[-97.17364,32.8804],[-97.17367,32.87493],[-97.16434,32.87485],[-97.16436,32.8736],[-97.17268,32.86728],[-97.17307,32.86011],[-97.15988,32.86107],[-97.15992,32.86777],[-97.15558,32.86778],[-97.15557,32.86468],[-97.15129,32.86458],[-97.15124,32.86681],[-97.10907,32.86659],[-97.10912,32.8718],[-97.10659,32.8767],[-97.1056,32.88166],[-97.0998,32.88135],[-97.09982,32.88851],[-97.10548,32.88851],[-97.10549,32.88748],[-97.11643,32.8875],[-97.11639,32.88536],[-97.12035,32.88542],[-97.12039,32.88976],[-97.12502,32.88984],[-97.12505,32.90811],[-97.12734,32.90902],[-97.12671,32.91022],[-97.12981,32.91164],[-97.12872,32.91273],[-97.12983,32.91477],[-97.13236,32.91631],[-97.13372,32.91568],[-97.13582,32.91718],[-97.13979,32.91645],[-97.1429,32.91854],[-97.14366,32.91811],[-97.14468,32.91873],[-97.14893,32.91691],[-97.15123,32.91782],[-97.15446,32.91696],[-97.15807,32.91998],[-97.15888,32.92176],[-97.16088,32.9201],[-97.16527,32.92328],[-97.16698,32.92304],[-97.16786,32.92373],[-97.17173,32.92219],[-97.17324,32.92331],[-97.17435,32.92201],[-97.17689,32.92261],[-97.17695,32.91185],[-97.1866,32.91175]]]}},{"type":"Feature","properties":{"zip":"76036"},"geometry":{"type":"Polygon","coordinates":[[[-97.50364,32.55695],[-97.50342,32.55544],[-97.47132,32.555],[-97.47132,32.52908],[-97.45888,32.52898],[-97.45885,32.53337],[-97.45032,32.53319],[-97.45044,32.52899],[-97.44141,32.52891],[-97.43933,32.52511],[-97.43999,32.52223],[-97.43878,32.52109],[-97.43709,32.52088],[-97.43534,32.51826],[-97.43398,32.51773],[-97.4344,32.5152],[-97.42925,32.51491],[-97.42262,32.52129],[-97.42219,32.52532],[-97.42035,32.52421],[-97.41498,32.5285],[-97.41362,32.52845],[-97.41153,32.53009],[-97.41007,32.52884],[-97.40402,32.53395],[-97.40161,32.53206],[-97.40115,32.53263],[-97.39829,32.53118],[-97.39584,32.53393],[-97.39277,32.53131],[-97.38525,32.53811],[-97.38431,32.53802],[-97.37205,32.54814],[-97.3707,32.54787],[-97.3644,32.55312],[-97.35229,32.55328],[-97.35061,32.5518],[-97.34392,32.55745],[-97.35143,32.56385],[-97.35131,32.56444],[-97.34537,32.569],[-97.3346,32.57182],[-97.33452,32.57799],[-97.32525,32.57793],[-97.33133,32.61402],[-97.34989,32.61413],[-97.3515,32.60915],[-97.35508,32.6082],[-97.35513,32.60679],[-97.38847,32.60747],[-97.38845,32.60395],[-97.39018,32.60395],[-97.39538,32.60408],[-97.40269,32.60647],[-97.40698,32.60643],[-97.40764,32.60996],[-97.40592,32.6128],[-97.40615,32.6154],[-97.41249,32.61543],[-97.41266,32.59868],[-97.41401,32.59602],[-97.41637,32.59396],[-97.41653,32.59994],[-97.42692,32.59993],[-97.42691,32.61003],[-97.42827,32.61037],[-97.42692,32.61073],[-97.43449,32.61078],[-97.43417,32.61202],[-97.43496,32.61173],[-97.43588,32.61331],[-97.43543,32.61584],[-97.43669,32.61612],[-97.43821,32.61835],[-97.43806,32.62043],[-97.43914,32.62279],[-97.44027,32.62312],[-97.43987,32.62409],[-97.44127,32.62646],[-97.44587,32.63118],[-97.4529,32.63348],[-97.4518,32.63026],[-97.45422,32.63189],[-97.45506,32.6317],[-97.4561,32.62824],[-97.45597,32.62554],[-97.45699,32.62614],[-97.45825,32.62451],[-97.45872,32.62211],[-97.46373,32.61966],[-97.46186,32.61726],[-97.45946,32.61743],[-97.46121,32.61637],[-97.45976,32.61112],[-97.4585,32.61028],[-97.46129,32.61023],[-97.46029,32.61017],[-97.4601,32.60884],[-97.45823,32.6066],[-97.45723,32.60707],[-97.45603,32.60681],[-97.45926,32.60613],[-97.46153,32.60793],[-97.4621,32.61022],[-97.46291,32.61033],[-97.4626,32.60745],[-97.45975,32.60545],[-97.46001,32.60298],[-97.45934,32.6019],[-97.45563,32.59979],[-97.45471,32.5973],[-97.45642,32.59358],[-97.45716,32.59357],[-97.45648,32.59506],[-97.45726,32.59726],[-97.45833,32.59819],[-97.46143,32.59867],[-97.46102,32.59925],[-97.46362,32.60105],[-97.46446,32.60336],[-97.46952,32.60475],[-97.47174,32.6036],[-97.47544,32.5991],[-97.47885,32.59714],[-97.47952,32.59497],[-97.47839,32.59259],[-97.48271,32.5926],[-97.48173,32.59205],[-97.48169,32.59104],[-97.48757,32.58309],[-97.4893,32.57384],[-97.49399,32.56554],[-97.50364,32.55695]]]}},{"type":"Feature","properties":{"zip":"76039"},"geometry":{"type":"Polygon","coordinates":[[[-97.1092,32.87114],[-97.10907,32.86659],[-97.09973,32.86622],[-97.09983,32.83758],[-97.09014,32.83758],[-97.08294,32.83869],[-97.07026,32.83704],[-97.06129,32.83784],[-97.06157,32.84244],[-97.06444,32.85348],[-97.06511,32.86574],[-97.06684,32.86953],[-97.07607,32.8811],[-97.1056,32.88166],[-97.10659,32.8767],[-97.1092,32.87114]]]}},{"type":"Feature","properties":{"zip":"76040"},"geometry":{"type":"Polygon","coordinates":[[[-97.15576,32.82344],[-97.15593,32.81515],[-97.15183,32.81476],[-97.14471,32.81482],[-97.14471,32.81568],[-97.14359,32.81535],[-97.14338,32.81805],[-97.13919,32.8178],[-97.13903,32.81692],[-97.14054,32.81669],[-97.13859,32.81536],[-97.1376,32.81575],[-97.13733,32.81521],[-97.13861,32.81472],[-97.1347,32.81472],[-97.13476,32.81096],[-97.13541,32.80799],[-97.14015,32.80764],[-97.14016,32.80353],[-97.12767,32.80268],[-97.09029,32.81087],[-97.08239,32.81078],[-97.08267,32.81266],[-97.06743,32.81621],[-97.0589,32.81712],[-97.06126,32.82235],[-97.06717,32.82312],[-97.07064,32.82229],[-97.07087,32.82505],[-97.06947,32.83018],[-97.07067,32.8302],[-97.0722,32.83447],[-97.071,32.83232],[-97.06951,32.83206],[-97.06964,32.83703],[-97.08294,32.83869],[-97.09089,32.83754],[-97.11969,32.83766],[-97.11966,32.83702],[-97.12262,32.83698],[-97.12044,32.83394],[-97.12098,32.83395],[-97.12121,32.82965],[-97.1255,32.82963],[-97.12579,32.82583],[-97.12459,32.82584],[-97.12459,32.82211],[-97.15125,32.82209],[-97.15576,32.82344]]]}},{"type":"Feature","properties":{"zip":"76051"},"geometry":{"type":"Polygon","coordinates":[[[-97.12983,32.9117],[-97.12671,32.91022],[-97.12734,32.90902],[-97.12505,32.90811],[-97.12502,32.88984],[-97.12039,32.88976],[-97.12035,32.88542],[-97.11639,32.88536],[-97.11643,32.8875],[-97.10549,32.88748],[-97.10548,32.88851],[-97.09982,32.88851],[-97.0998,32.88135],[-97.07607,32.8811],[-97.08232,32.89175],[-97.08217,32.90271],[-97.08999,32.90921],[-97.08954,32.91013],[-97.09236,32.91294],[-97.09004,32.9152],[-97.08727,32.9165],[-97.08638,32.91829],[-97.06363,32.91788],[-97.05992,32.91963],[-97.05645,32.92367],[-97.04825,32.926],[-97.03921,32.92635],[-97.03224,32.92559],[-97.03139,32.97283],[-97.02808,32.97317],[-97.02042,32.98038],[-97.03099,32.9879],[-97.03255,32.98709],[-97.04106,32.98714],[-97.04106,32.98495],[-97.03805,32.98188],[-97.03678,32.97816],[-97.03827,32.97964],[-97.03998,32.97973],[-97.0426,32.97845],[-97.05106,32.98157],[-97.05615,32.98073],[-97.05673,32.97841],[-97.05823,32.97839],[-97.05708,32.97657],[-97.0565,32.97279],[-97.05701,32.97272],[-97.05758,32.97533],[-97.06374,32.9803],[-97.06801,32.98124],[-97.0686,32.98262],[-97.06789,32.98327],[-97.0682,32.98461],[-97.07215,32.98462],[-97.07437,32.98545],[-97.10822,32.98608],[-97.11019,32.98493],[-97.1102,32.98272],[-97.11355,32.97937],[-97.11406,32.97546],[-97.11493,32.97488],[-97.11425,32.9725],[-97.1158,32.97256],[-97.11633,32.97087],[-97.11534,32.96966],[-97.11668,32.96837],[-97.11668,32.95491],[-97.10526,32.9547],[-97.10429,32.94852],[-97.10499,32.94842],[-97.10469,32.9481],[-97.10488,32.9476],[-97.10803,32.94765],[-97.10802,32.94338],[-97.10241,32.9415],[-97.09773,32.93612],[-97.10185,32.93614],[-97.1019,32.93192],[-97.1104,32.93193],[-97.11025,32.92604],[-97.10802,32.92603],[-97.12961,32.91405],[-97.1286,32.91222],[-97.12983,32.9117]]]}},{"type":"Feature","properties":{"zip":"76052"},"geometry":{"type":"Polygon","coordinates":[[[-97.46101,33.04535],[-97.45624,33.04153],[-97.45198,33.03621],[-97.45261,33.0359],[-97.44212,33.02143],[-97.43083,32.99158],[-97.42095,32.97062],[-97.42072,32.95746],[-97.40946,32.95747],[-97.41807,32.94807],[-97.4194,32.94341],[-97.41808,32.93962],[-97.40944,32.93963],[-97.40909,32.94654],[-97.40906,32.93964],[-97.40702,32.9396],[-97.40675,32.93046],[-97.40559,32.93043],[-97.40505,32.92447],[-97.37478,32.92434],[-97.37478,32.92522],[-97.37414,32.92521],[-97.37282,32.92521],[-97.37274,32.9243],[-97.33153,32.92411],[-97.33212,32.93886],[-97.33151,32.93887],[-97.33153,32.94751],[-97.31707,32.94763],[-97.31694,32.96198],[-97.32101,32.96212],[-97.32049,32.97283],[-97.32232,32.97372],[-97.32521,32.97379],[-97.32504,32.96865],[-97.32749,32.96871],[-97.32759,32.96733],[-97.33727,32.96757],[-97.33711,32.97401],[-97.34309,32.97366],[-97.34803,32.9744],[-97.3275,32.99178],[-97.31748,33.01032],[-97.31888,33.0101],[-97.31874,33.01606],[-97.32311,33.01609],[-97.32307,33.01814],[-97.32997,33.01803],[-97.33368,33.0158],[-97.34094,33.00821],[-97.34833,33.0084],[-97.34605,33.00508],[-97.35067,33.00517],[-97.35066,33.00703],[-97.35298,33.01188],[-97.35326,33.0213],[-97.35256,33.02401],[-97.34984,33.02822],[-97.35449,33.03081],[-97.35777,33.03085],[-97.35887,33.02996],[-97.36539,33.03239],[-97.36748,33.03451],[-97.37158,33.03204],[-97.37556,33.0324],[-97.37861,33.0302],[-97.38173,33.03137],[-97.3836,33.03016],[-97.38532,33.03058],[-97.3873,33.02978],[-97.38946,33.03081],[-97.39101,33.02986],[-97.39381,33.03079],[-97.39393,33.03153],[-97.39506,33.03048],[-97.39719,33.03181],[-97.39715,33.03652],[-97.43879,33.03684],[-97.44295,33.0381],[-97.45425,33.04512],[-97.45708,33.0459],[-97.46101,33.04535]]]}},{"type":"Feature","properties":{"zip":"76053"},"geometry":{"type":"Polygon","coordinates":[[[-97.21224,32.81951],[-97.21231,32.7979],[-97.20978,32.79812],[-97.20546,32.80122],[-97.20184,32.80255],[-97.18567,32.80262],[-97.18376,32.80247],[-97.17827,32.79869],[-97.17794,32.79995],[-97.17669,32.79999],[-97.17514,32.7985],[-97.17112,32.79744],[-97.16921,32.79788],[-97.16919,32.79969],[-97.17496,32.80011],[-97.17676,32.80204],[-97.15536,32.80215],[-97.14594,32.80089],[-97.14329,32.80163],[-97.14017,32.79742],[-97.14017,32.80758],[-97.13541,32.80799],[-97.1347,32.81472],[-97.13861,32.81472],[-97.13733,32.81521],[-97.13989,32.81589],[-97.14054,32.81669],[-97.13903,32.81692],[-97.13896,32.81757],[-97.14025,32.81799],[-97.14338,32.81805],[-97.14359,32.81535],[-97.14471,32.81568],[-97.14471,32.81482],[-97.15593,32.81515],[-97.15576,32.82344],[-97.16449,32.82356],[-97.16434,32.82729],[-97.16643,32.82721],[-97.16644,32.83396],[-97.16787,32.83394],[-97.16775,32.83569],[-97.16612,32.83571],[-97.16619,32.83955],[-97.18505,32.83946],[-97.19438,32.83768],[-97.20387,32.83108],[-97.20506,32.82818],[-97.20534,32.82386],[-97.20745,32.82382],[-97.2076,32.81947],[-97.21224,32.81951]]]}},{"type":"Feature","properties":{"zip":"76054"},"geometry":{"type":"Polygon","coordinates":[[[-97.19303,32.85003],[-97.1929,32.83853],[-97.18344,32.83961],[-97.15945,32.84003],[-97.15927,32.84908],[-97.16692,32.84911],[-97.16691,32.85021],[-97.16864,32.85226],[-97.16743,32.85385],[-97.16779,32.86054],[-97.17307,32.86011],[-97.17268,32.86728],[-97.16436,32.8736],[-97.16434,32.87485],[-97.17367,32.87493],[-97.17364,32.8804],[-97.17731,32.88041],[-97.1768,32.88131],[-97.17413,32.88131],[-97.17369,32.88058],[-97.17381,32.88523],[-97.17447,32.88523],[-97.17393,32.88862],[-97.17707,32.8862],[-97.1771,32.88768],[-97.1788,32.88774],[-97.1788,32.889],[-97.18596,32.88918],[-97.18614,32.85573],[-97.19303,32.85003]]]}},{"type":"Feature","properties":{"zip":"76060"},"geometry":{"type":"Polygon","coordinates":[[[-97.24831,32.64701],[-97.24787,32.64568],[-97.24535,32.64437],[-97.24431,32.64227],[-97.24251,32.64179],[-97.24217,32.63844],[-97.23415,32.63823],[-97.23428,32.62238],[-97.22095,32.62177],[-97.22096,32.62105],[-97.21948,32.62092],[-97.21942,32.61921],[-97.21423,32.61888],[-97.21412,32.61629],[-97.20796,32.61614],[-97.20756,32.61801],[-97.20088,32.61802],[-97.20133,32.61942],[-97.19598,32.61942],[-97.18995,32.61431],[-97.18824,32.61513],[-97.18512,32.60927],[-97.18213,32.608],[-97.18098,32.60853],[-97.18841,32.6155],[-97.19004,32.61913],[-97.19003,32.62303],[-97.19439,32.62556],[-97.19455,32.63161],[-97.19294,32.63118],[-97.19288,32.63464],[-97.18889,32.63482],[-97.189,32.64621],[-97.19442,32.64646],[-97.19444,32.64935],[-97.2003,32.64935],[-97.19783,32.6519],[-97.19777,32.6539],[-97.19864,32.6547],[-97.20256,32.65398],[-97.20189,32.65672],[-97.20682,32.65674],[-97.20689,32.66115],[-97.21178,32.66042],[-97.21175,32.6567],[-97.21708,32.65647],[-97.21704,32.6604],[-97.22445,32.66079],[-97.22347,32.66237],[-97.22336,32.66796],[-97.23148,32.66807],[-97.23108,32.66676],[-97.22929,32.66647],[-97.22868,32.66447],[-97.23024,32.66218],[-97.23615,32.6597],[-97.23757,32.65724],[-97.2425,32.65451],[-97.24377,32.65295],[-97.2441,32.65073],[-97.24714,32.64965],[-97.24831,32.64701]]]}},{"type":"Feature","properties":{"zip":"76063"},"geometry":{"type":"Polygon","coordinates":[[[-97.22178,32.60709],[-97.21926,32.60389],[-97.21936,32.59966],[-97.22072,32.59966],[-97.2208,32.59069],[-97.21855,32.59074],[-97.21853,32.58666],[-97.21573,32.5867],[-97.215,32.58017],[-97.21708,32.57839],[-97.21888,32.57886],[-97.21883,32.57635],[-97.21398,32.57445],[-97.2113,32.57422],[-97.21145,32.56787],[-97.20622,32.56018],[-97.21169,32.55701],[-97.21411,32.55658],[-97.21416,32.5515],[-97.20925,32.55113],[-97.20892,32.55037],[-97.21071,32.55064],[-97.20976,32.54859],[-97.21394,32.54704],[-97.21268,32.54519],[-97.21559,32.54368],[-97.21358,32.54077],[-97.21253,32.54131],[-97.21142,32.53933],[-97.21,32.53983],[-97.20968,32.53881],[-97.21074,32.53846],[-97.20806,32.53487],[-97.20288,32.53099],[-97.19784,32.52384],[-97.18874,32.51774],[-97.18658,32.51885],[-97.18679,32.5197],[-97.18272,32.5218],[-97.17605,32.52203],[-97.16688,32.52621],[-97.16545,32.52295],[-97.15982,32.52331],[-97.15909,32.52268],[-97.15113,32.52508],[-97.14995,32.52323],[-97.15134,32.52251],[-97.14826,32.51789],[-97.14343,32.52041],[-97.14266,32.51925],[-97.14082,32.52024],[-97.14225,32.52137],[-97.13904,32.52539],[-97.13776,32.52889],[-97.13225,32.52766],[-97.12807,32.52163],[-97.10888,32.53081],[-97.10845,32.53171],[-97.10942,32.5341],[-97.10627,32.53574],[-97.0862,32.52373],[-97.08578,32.52424],[-97.08325,32.52363],[-97.08202,32.53835],[-97.08386,32.54529],[-97.07748,32.54815],[-97.07748,32.54894],[-97.0641,32.5488],[-97.05716,32.54689],[-97.05691,32.54773],[-97.0535,32.54797],[-97.05263,32.54893],[-97.05352,32.55027],[-97.05499,32.55057],[-97.05538,32.55242],[-97.05415,32.55528],[-97.0528,32.5566],[-97.04784,32.55853],[-97.0468,32.56002],[-97.0484,32.56125],[-97.04902,32.56305],[-97.0531,32.56325],[-97.05343,32.57372],[-97.05586,32.57603],[-97.0661,32.59224],[-97.07357,32.58864],[-97.07473,32.59058],[-97.08109,32.58961],[-97.08323,32.58854],[-97.08319,32.58689],[-97.09076,32.59802],[-97.09374,32.5966],[-97.10582,32.61335],[-97.11643,32.60825],[-97.12032,32.61388],[-97.12524,32.61147],[-97.14109,32.61155],[-97.14248,32.6117],[-97.13975,32.61601],[-97.15467,32.61615],[-97.15471,32.61399],[-97.17055,32.6137],[-97.18213,32.608],[-97.18523,32.60935],[-97.18824,32.61513],[-97.18995,32.61431],[-97.19598,32.61942],[-97.20133,32.61942],[-97.20088,32.61802],[-97.20756,32.61801],[-97.20796,32.61614],[-97.21412,32.61629],[-97.21423,32.61888],[-97.21663,32.61903],[-97.21673,32.61322],[-97.22002,32.61321],[-97.22005,32.61231],[-97.22101,32.61231],[-97.22101,32.61144],[-97.21913,32.6114],[-97.21914,32.60813],[-97.22013,32.6081],[-97.22014,32.60708],[-97.22178,32.60709]]]}},{"type":"Feature","properties":{"zip":"76092"},"geometry":{"type":"Polygon","coordinates":[[[-97.20317,32.93796],[-97.20314,32.92706],[-97.18716,32.92688],[-97.18615,32.9257],[-97.18636,32.92439],[-97.18131,32.92087],[-97.17828,32.92355],[-97.1774,32.92202],[-97.17684,32.92261],[-97.175,32.92197],[-97.17324,32.92331],[-97.17173,32.92219],[-97.16776,32.92372],[-97.16698,32.92304],[-97.1652,32.92326],[-97.16088,32.9201],[-97.15888,32.92176],[-97.15807,32.91998],[-97.15457,32.91698],[-97.15123,32.91782],[-97.14901,32.9169],[-97.14653,32.91742],[-97.1448,32.91873],[-97.14366,32.91811],[-97.143,32.91856],[-97.13979,32.91645],[-97.13582,32.91718],[-97.13372,32.91568],[-97.13236,32.91631],[-97.12961,32.91405],[-97.11925,32.9194],[-97.10802,32.92603],[-97.11025,32.92604],[-97.1104,32.93193],[-97.1019,32.93192],[-97.10185,32.93614],[-97.09773,32.93612],[-97.10241,32.9415],[-97.10802,32.94338],[-97.10803,32.94765],[-97.10488,32.9476],[-97.10499,32.94842],[-97.10429,32.94852],[-97.10526,32.9547],[-97.11668,32.95491],[-97.11668,32.96837],[-97.11534,32.96966],[-97.11633,32.97087],[-97.1158,32.97256],[-97.11425,32.9725],[-97.11493,32.97488],[-97.11406,32.97546],[-97.11303,32.98041],[-97.1102,32.98272],[-97.11019,32.98493],[-97.10822,32.9857],[-97.10816,32.9902],[-97.13024,32.99034],[-97.13359,32.992],[-97.13355,32.9995],[-97.15771,33.01062],[-97.16702,33.01075],[-97.16721,32.98613],[-97.16799,32.98569],[-97.1681,32.98367],[-97.16204,32.97624],[-97.16563,32.97635],[-97.16564,32.97578],[-97.16813,32.97541],[-97.16817,32.97315],[-97.16973,32.97317],[-97.16974,32.97067],[-97.1781,32.97069],[-97.17809,32.96791],[-97.17889,32.96633],[-97.18582,32.9664],[-97.18574,32.94884],[-97.20304,32.94892],[-97.20312,32.94166],[-97.20236,32.94166],[-97.20236,32.94037],[-97.20093,32.94035],[-97.20097,32.93795],[-97.20317,32.93796]]]}},{"type":"Feature","properties":{"zip":"76102"},"geometry":{"type":"Polygon","coordinates":[[[-97.35177,32.74361],[-97.36034,32.735],[-97.35879,32.7328],[-97.33344,32.74522],[-97.32185,32.74508],[-97.30989,32.74273],[-97.30454,32.74344],[-97.3063,32.74603],[-97.30328,32.74612],[-97.30344,32.75068],[-97.30723,32.75027],[-97.31064,32.75325],[-97.31121,32.75436],[-97.31058,32.75845],[-97.3121,32.76109],[-97.31285,32.76773],[-97.31476,32.77193],[-97.319,32.77592],[-97.32297,32.77743],[-97.32502,32.78196],[-97.33754,32.78434],[-97.33936,32.78066],[-97.34047,32.7753],[-97.33873,32.77276],[-97.33342,32.76955],[-97.33128,32.76535],[-97.33107,32.76142],[-97.33429,32.75906],[-97.33904,32.75971],[-97.34295,32.75762],[-97.34559,32.75456],[-97.34707,32.75],[-97.35177,32.74361]]]}},{"type":"Feature","properties":{"zip":"76103"},"geometry":{"type":"Polygon","coordinates":[[[-97.3063,32.74603],[-97.30454,32.74344],[-97.29847,32.74423],[-97.28749,32.74185],[-97.27215,32.73404],[-97.25316,32.73465],[-97.24513,32.73238],[-97.24508,32.73695],[-97.24634,32.73729],[-97.24636,32.73815],[-97.24565,32.73827],[-97.24626,32.74076],[-97.24504,32.74076],[-97.24499,32.74567],[-97.24581,32.74605],[-97.24646,32.74898],[-97.24613,32.75144],[-97.24482,32.75184],[-97.24479,32.75307],[-97.24643,32.75523],[-97.24598,32.75877],[-97.26167,32.75735],[-97.2617,32.75809],[-97.24053,32.76093],[-97.24166,32.7629],[-97.24633,32.76347],[-97.24649,32.77055],[-97.2533,32.77101],[-97.25771,32.7679],[-97.25837,32.77129],[-97.2561,32.7728],[-97.25519,32.77503],[-97.25835,32.77726],[-97.26761,32.77894],[-97.27138,32.77768],[-97.27032,32.77616],[-97.2722,32.77563],[-97.27215,32.77402],[-97.27326,32.77318],[-97.27123,32.77133],[-97.27188,32.76833],[-97.27061,32.76648],[-97.27999,32.76559],[-97.28027,32.75627],[-97.28247,32.7562],[-97.28411,32.75506],[-97.2883,32.75648],[-97.28938,32.75401],[-97.28943,32.74968],[-97.3032,32.74856],[-97.30328,32.74612],[-97.3063,32.74603]]]}},{"type":"Feature","properties":{"zip":"76104"},"geometry":{"type":"Polygon","coordinates":[[[-97.35879,32.7328],[-97.35522,32.73396],[-97.35013,32.73394],[-97.35017,32.73153],[-97.34882,32.73152],[-97.34833,32.72827],[-97.34664,32.72575],[-97.34529,32.72582],[-97.34527,32.72663],[-97.32254,32.72603],[-97.3269,32.71133],[-97.32525,32.70632],[-97.32221,32.70627],[-97.3222,32.70768],[-97.321,32.70766],[-97.32089,32.69861],[-97.32055,32.70593],[-97.31107,32.70594],[-97.30919,32.71008],[-97.3007,32.71045],[-97.29942,32.70971],[-97.29979,32.71136],[-97.29748,32.71223],[-97.29817,32.71297],[-97.29628,32.71767],[-97.29302,32.71987],[-97.29455,32.72414],[-97.29363,32.72633],[-97.29454,32.72749],[-97.29658,32.72777],[-97.29737,32.73083],[-97.29613,32.73393],[-97.29399,32.73418],[-97.29334,32.73671],[-97.29742,32.74145],[-97.29616,32.74352],[-97.2974,32.74405],[-97.30129,32.74418],[-97.30944,32.74271],[-97.32185,32.74508],[-97.33394,32.74514],[-97.35879,32.7328]]]}},{"type":"Feature","properties":{"zip":"76105"},"geometry":{"type":"Polygon","coordinates":[[[-97.29981,32.71126],[-97.29862,32.70784],[-97.29677,32.70687],[-97.29162,32.70641],[-97.28925,32.70646],[-97.28875,32.70779],[-97.28474,32.70774],[-97.28472,32.70655],[-97.28004,32.70641],[-97.27842,32.71087],[-97.27943,32.71247],[-97.27725,32.71172],[-97.27665,32.7135],[-97.27217,32.71407],[-97.26301,32.71403],[-97.25608,32.71297],[-97.25608,32.71151],[-97.25031,32.71031],[-97.24846,32.7105],[-97.24847,32.71304],[-97.24268,32.70964],[-97.23793,32.70955],[-97.23791,32.72904],[-97.23644,32.73117],[-97.24112,32.73117],[-97.25316,32.73465],[-97.27215,32.73404],[-97.28638,32.74142],[-97.29616,32.74381],[-97.29742,32.74145],[-97.29461,32.73878],[-97.2933,32.73578],[-97.29415,32.73398],[-97.29626,32.73379],[-97.29736,32.73055],[-97.29658,32.72777],[-97.29454,32.72749],[-97.29363,32.72633],[-97.29455,32.72414],[-97.29302,32.71987],[-97.29628,32.71767],[-97.29817,32.71297],[-97.29755,32.71214],[-97.29924,32.71204],[-97.29981,32.71126]]]}},{"type":"Feature","properties":{"zip":"76106"},"geometry":{"type":"Polygon","coordinates":[[[-97.40787,32.8124],[-97.39408,32.80833],[-97.39158,32.80629],[-97.39237,32.80554],[-97.39088,32.80424],[-97.39163,32.80345],[-97.38555,32.79848],[-97.38718,32.79707],[-97.38932,32.79901],[-97.38937,32.792],[-97.38667,32.78973],[-97.38752,32.7889],[-97.38346,32.78554],[-97.37583,32.79124],[-97.37188,32.79469],[-97.37188,32.79553],[-97.35997,32.79442],[-97.35887,32.79458],[-97.35906,32.79561],[-97.35797,32.79486],[-97.34789,32.79521],[-97.34874,32.79753],[-97.34587,32.79745],[-97.34324,32.79513],[-97.33956,32.7897],[-97.33989,32.78885],[-97.33754,32.78434],[-97.32552,32.78222],[-97.32297,32.77743],[-97.31956,32.7762],[-97.32217,32.79527],[-97.32065,32.80035],[-97.31499,32.80968],[-97.31333,32.81723],[-97.31305,32.83379],[-97.31403,32.83887],[-97.32692,32.83958],[-97.34261,32.84283],[-97.34751,32.84233],[-97.37298,32.83258],[-97.40785,32.816],[-97.40787,32.8124]]]}},{"type":"Feature","properties":{"zip":"76107"},"geometry":{"type":"Polygon","coordinates":[[[-97.42156,32.74051],[-97.42071,32.73813],[-97.41883,32.73747],[-97.41867,32.73461],[-97.4134,32.73416],[-97.41355,32.71792],[-97.41301,32.71679],[-97.41388,32.71441],[-97.41274,32.71001],[-97.38633,32.71995],[-97.38509,32.71639],[-97.37098,32.72299],[-97.36661,32.72288],[-97.3598,32.72523],[-97.35769,32.72908],[-97.35879,32.7328],[-97.36034,32.735],[-97.35996,32.73567],[-97.35177,32.74361],[-97.34707,32.75],[-97.34559,32.75456],[-97.34295,32.75762],[-97.33904,32.75971],[-97.33706,32.75981],[-97.34492,32.76594],[-97.35926,32.76396],[-97.36663,32.76523],[-97.36898,32.76706],[-97.36974,32.77237],[-97.3739,32.77574],[-97.37712,32.77618],[-97.38066,32.77361],[-97.37854,32.76887],[-97.37973,32.76467],[-97.38433,32.76093],[-97.39012,32.75938],[-97.39334,32.75762],[-97.3959,32.75204],[-97.39908,32.75115],[-97.39826,32.74788],[-97.39924,32.74632],[-97.4041,32.74642],[-97.4055,32.74747],[-97.40579,32.74685],[-97.41048,32.74841],[-97.41273,32.74559],[-97.41265,32.74878],[-97.41445,32.75093],[-97.41668,32.75092],[-97.41771,32.75196],[-97.42,32.75092],[-97.41973,32.7501],[-97.42071,32.74939],[-97.41919,32.74693],[-97.41971,32.74657],[-97.41869,32.74575],[-97.42006,32.74417],[-97.41914,32.74334],[-97.41973,32.74165],[-97.42156,32.74051]]]}},{"type":"Feature","properties":{"zip":"76108"},"geometry":{"type":"Polygon","coordinates":[[[-97.59941,32.7749],[-97.59759,32.77364],[-97.59615,32.77398],[-97.59423,32.77325],[-97.59288,32.77085],[-97.59333,32.76944],[-97.59192,32.7684],[-97.5878,32.76759],[-97.58361,32.76471],[-97.58191,32.76443],[-97.58558,32.76696],[-97.58362,32.77209],[-97.58021,32.77221],[-97.58024,32.77563],[-97.56815,32.77718],[-97.56767,32.77336],[-97.57145,32.76436],[-97.57139,32.75152],[-97.56459,32.75151],[-97.56145,32.74943],[-97.55909,32.74645],[-97.55905,32.7454],[-97.55524,32.74589],[-97.54986,32.74399],[-97.54766,32.7452],[-97.54447,32.74525],[-97.54326,32.74157],[-97.52113,32.74142],[-97.5201,32.73919],[-97.52069,32.73962],[-97.52107,32.73825],[-97.52104,32.73378],[-97.51808,32.73369],[-97.51798,32.73195],[-97.519,32.73026],[-97.51664,32.72915],[-97.51536,32.72543],[-97.5166,32.72508],[-97.51613,32.72413],[-97.50374,32.72956],[-97.50378,32.72788],[-97.50103,32.72783],[-97.49993,32.72606],[-97.49542,32.72598],[-97.49535,32.72884],[-97.48695,32.72882],[-97.48389,32.72964],[-97.48523,32.73299],[-97.48352,32.73615],[-97.48346,32.73781],[-97.48263,32.73796],[-97.44929,32.73803],[-97.44082,32.7365],[-97.44079,32.74242],[-97.44373,32.74147],[-97.44483,32.74231],[-97.44566,32.74539],[-97.44505,32.75557],[-97.44585,32.76548],[-97.44318,32.76544],[-97.44276,32.78865],[-97.44013,32.78895],[-97.43896,32.78747],[-97.4393,32.78596],[-97.43793,32.78701],[-97.43355,32.785],[-97.42681,32.78752],[-97.42446,32.78657],[-97.42145,32.78728],[-97.42113,32.78814],[-97.42243,32.78989],[-97.42171,32.79125],[-97.42135,32.78938],[-97.42024,32.79095],[-97.41762,32.78829],[-97.41565,32.79039],[-97.41328,32.79082],[-97.41552,32.7906],[-97.41511,32.79384],[-97.41827,32.79402],[-97.41861,32.79514],[-97.41961,32.79434],[-97.422,32.79481],[-97.42189,32.79728],[-97.42364,32.79698],[-97.42388,32.79483],[-97.4295,32.79341],[-97.43629,32.79394],[-97.43622,32.79529],[-97.43702,32.79397],[-97.43827,32.79396],[-97.43923,32.79561],[-97.43926,32.79375],[-97.43995,32.79344],[-97.4442,32.79426],[-97.44511,32.79366],[-97.45005,32.79428],[-97.45221,32.79375],[-97.45198,32.79312],[-97.45328,32.7938],[-97.45787,32.79022],[-97.46085,32.79081],[-97.46183,32.7887],[-97.46291,32.78899],[-97.4621,32.79081],[-97.46311,32.79238],[-97.46108,32.79318],[-97.46445,32.79418],[-97.46656,32.79334],[-97.47151,32.79463],[-97.47329,32.79659],[-97.47604,32.79503],[-97.48368,32.79699],[-97.48602,32.79649],[-97.48417,32.79772],[-97.4848,32.79818],[-97.49006,32.79632],[-97.48845,32.79788],[-97.48932,32.80012],[-97.49066,32.80058],[-97.48992,32.80095],[-97.49134,32.80144],[-97.49124,32.80585],[-97.4879,32.80484],[-97.48706,32.80559],[-97.48737,32.80663],[-97.48631,32.8072],[-97.48436,32.80597],[-97.48368,32.80661],[-97.48481,32.8101],[-97.48567,32.80965],[-97.48471,32.80832],[-97.48746,32.80769],[-97.48594,32.80962],[-97.48982,32.80896],[-97.49263,32.81141],[-97.49398,32.81155],[-97.49178,32.81392],[-97.49236,32.81626],[-97.48447,32.81648],[-97.48813,32.82305],[-97.51196,32.82316],[-97.51829,32.82517],[-97.54272,32.82526],[-97.54759,32.82685],[-97.5477,32.82191],[-97.5501,32.82188],[-97.55072,32.82325],[-97.55257,32.82292],[-97.55433,32.82519],[-97.55667,32.82658],[-97.55684,32.82503],[-97.55784,32.82418],[-97.55949,32.82401],[-97.56213,32.82532],[-97.56385,32.82485],[-97.56324,32.82342],[-97.56603,32.8227],[-97.56675,32.82447],[-97.56833,32.82492],[-97.56844,32.82806],[-97.5798,32.82929],[-97.5852,32.82904],[-97.58542,32.8265],[-97.59215,32.82645],[-97.59056,32.81777],[-97.58976,32.81784],[-97.59016,32.79789],[-97.58758,32.79787],[-97.58763,32.7943],[-97.59049,32.79494],[-97.59225,32.79316],[-97.59388,32.79421],[-97.59782,32.79426],[-97.59794,32.77839],[-97.59941,32.7749]]]}},{"type":"Feature","properties":{"zip":"76109"},"geometry":{"type":"Polygon","coordinates":[[[-97.42418,32.69642],[-97.4186,32.69186],[-97.39511,32.68208],[-97.39582,32.68198],[-97.38117,32.67509],[-97.35262,32.70171],[-97.35398,32.70191],[-97.35444,32.70419],[-97.35445,32.70605],[-97.35338,32.70605],[-97.35279,32.70961],[-97.35511,32.71448],[-97.35495,32.71599],[-97.35425,32.71598],[-97.35312,32.71278],[-97.35309,32.71598],[-97.3519,32.71865],[-97.35402,32.71921],[-97.35534,32.72247],[-97.3541,32.72539],[-97.35851,32.72584],[-97.36099,32.72205],[-97.36334,32.72181],[-97.36454,32.72374],[-97.3669,32.72284],[-97.37098,32.72299],[-97.38509,32.71639],[-97.38633,32.71995],[-97.41151,32.71046],[-97.41181,32.70468],[-97.41848,32.69812],[-97.42418,32.69642]],[[-97.36523,32.70972],[-97.36443,32.71168],[-97.36044,32.71171],[-97.36048,32.70708],[-97.36492,32.70705],[-97.36523,32.70972]]]}},{"type":"Feature","properties":{"zip":"76110"},"geometry":{"type":"Polygon","coordinates":[[[-97.36606,32.68889],[-97.35613,32.68928],[-97.35614,32.68788],[-97.34847,32.68852],[-97.34835,32.69031],[-97.34765,32.69034],[-97.34762,32.68922],[-97.34542,32.69348],[-97.34493,32.69159],[-97.346,32.69156],[-97.34604,32.68989],[-97.34694,32.68988],[-97.34725,32.68809],[-97.33513,32.6883],[-97.33514,32.68755],[-97.33349,32.68755],[-97.33349,32.68841],[-97.321,32.68857],[-97.32165,32.68437],[-97.3203,32.68433],[-97.32026,32.6894],[-97.31575,32.68945],[-97.31557,32.69198],[-97.3111,32.70583],[-97.32055,32.70593],[-97.32089,32.69861],[-97.321,32.70766],[-97.3222,32.70768],[-97.32221,32.70627],[-97.32525,32.70632],[-97.3269,32.71133],[-97.32254,32.72603],[-97.34527,32.72663],[-97.34529,32.72582],[-97.34664,32.72575],[-97.34833,32.72827],[-97.34882,32.73152],[-97.35017,32.73153],[-97.35013,32.73394],[-97.3562,32.73372],[-97.35869,32.73237],[-97.35769,32.72908],[-97.3598,32.72523],[-97.36454,32.72374],[-97.36334,32.72181],[-97.36099,32.72205],[-97.35851,32.72584],[-97.3541,32.72539],[-97.35534,32.72247],[-97.35402,32.71921],[-97.3519,32.71865],[-97.35309,32.71598],[-97.35312,32.71278],[-97.35425,32.71598],[-97.35495,32.71599],[-97.35511,32.71448],[-97.35279,32.70961],[-97.35338,32.70605],[-97.35445,32.70605],[-97.35444,32.70419],[-97.35398,32.70191],[-97.35262,32.70171],[-97.36606,32.68889]]]}},{"type":"Feature","properties":{"zip":"76111"},"geometry":{"type":"Polygon","coordinates":[[[-97.32219,32.79457],[-97.32,32.77722],[-97.31358,32.77011],[-97.3121,32.76109],[-97.31058,32.75845],[-97.31121,32.75436],[-97.30996,32.75229],[-97.30723,32.75027],[-97.30344,32.75068],[-97.30335,32.74836],[-97.28943,32.74968],[-97.28938,32.75401],[-97.2883,32.75648],[-97.28411,32.75506],[-97.28247,32.7562],[-97.28027,32.75627],[-97.27999,32.76559],[-97.28357,32.76535],[-97.27972,32.76924],[-97.28206,32.76981],[-97.2821,32.77428],[-97.27326,32.77831],[-97.27322,32.7796],[-97.27767,32.77962],[-97.27849,32.77925],[-97.27849,32.7774],[-97.28741,32.77391],[-97.28811,32.77526],[-97.2875,32.77556],[-97.28746,32.7796],[-97.28875,32.78006],[-97.28876,32.78147],[-97.28954,32.78179],[-97.2847,32.78601],[-97.28469,32.78793],[-97.28553,32.78802],[-97.28549,32.79247],[-97.28542,32.79504],[-97.28454,32.79503],[-97.28457,32.79573],[-97.28567,32.79574],[-97.28566,32.79504],[-97.29061,32.79511],[-97.29055,32.80977],[-97.30307,32.80978],[-97.31197,32.81071],[-97.31494,32.8098],[-97.32111,32.7994],[-97.32219,32.79457]]]}},{"type":"Feature","properties":{"zip":"76112"},"geometry":{"type":"Polygon","coordinates":[[[-97.2617,32.75809],[-97.26167,32.75735],[-97.24598,32.75877],[-97.24643,32.75523],[-97.24479,32.75307],[-97.24482,32.75184],[-97.24613,32.75144],[-97.24646,32.74898],[-97.24581,32.74605],[-97.24499,32.74567],[-97.24504,32.74076],[-97.24626,32.74076],[-97.24565,32.73827],[-97.24636,32.73815],[-97.24634,32.73729],[-97.24508,32.73695],[-97.24513,32.73238],[-97.24066,32.73109],[-97.23644,32.73117],[-97.23791,32.72904],[-97.23728,32.72054],[-97.22539,32.72046],[-97.22497,32.7195],[-97.21405,32.71895],[-97.21106,32.71733],[-97.20883,32.71317],[-97.20285,32.71319],[-97.21003,32.7216],[-97.20829,32.72378],[-97.20969,32.72672],[-97.20775,32.72511],[-97.20773,32.72798],[-97.19968,32.728],[-97.19884,32.72867],[-97.18242,32.73076],[-97.18254,32.74296],[-97.18114,32.74854],[-97.18308,32.75154],[-97.18321,32.75353],[-97.18465,32.75345],[-97.18447,32.75594],[-97.18333,32.75627],[-97.18329,32.75978],[-97.21416,32.7599],[-97.213,32.76309],[-97.21273,32.78134],[-97.216,32.78019],[-97.2186,32.78101],[-97.21905,32.78006],[-97.22108,32.78196],[-97.22645,32.78263],[-97.23585,32.77933],[-97.24144,32.77634],[-97.24266,32.77211],[-97.24406,32.77136],[-97.24703,32.77331],[-97.24969,32.77152],[-97.25519,32.77503],[-97.2561,32.7728],[-97.25837,32.77129],[-97.25771,32.7679],[-97.2533,32.77101],[-97.24649,32.77055],[-97.24633,32.76347],[-97.24166,32.7629],[-97.24053,32.76093],[-97.2617,32.75809]]]}},{"type":"Feature","properties":{"zip":"76114"},"geometry":{"type":"Polygon","coordinates":[[[-97.44585,32.76548],[-97.44505,32.75557],[-97.44562,32.74492],[-97.44142,32.74485],[-97.44018,32.74341],[-97.43436,32.74967],[-97.43278,32.74698],[-97.43136,32.74751],[-97.43022,32.75069],[-97.42695,32.75157],[-97.42626,32.75324],[-97.42465,32.75398],[-97.41601,32.75394],[-97.41543,32.75128],[-97.41668,32.75092],[-97.41445,32.75093],[-97.41265,32.74878],[-97.41273,32.74559],[-97.41048,32.74841],[-97.40579,32.74685],[-97.4055,32.74747],[-97.4041,32.74642],[-97.39924,32.74632],[-97.39826,32.74788],[-97.39908,32.75115],[-97.3959,32.75204],[-97.39334,32.75762],[-97.39012,32.75938],[-97.38433,32.76093],[-97.37973,32.76467],[-97.37854,32.76887],[-97.38066,32.77361],[-97.37712,32.77618],[-97.3739,32.77574],[-97.36974,32.77237],[-97.36898,32.76706],[-97.36663,32.76523],[-97.36091,32.76396],[-97.3513,32.76511],[-97.36618,32.7743],[-97.3717,32.78089],[-97.38199,32.78444],[-97.38752,32.7889],[-97.38667,32.78973],[-97.38939,32.79207],[-97.38932,32.79901],[-97.38718,32.79707],[-97.38555,32.79848],[-97.39163,32.80345],[-97.39088,32.80424],[-97.39237,32.80554],[-97.39158,32.80629],[-97.39356,32.80793],[-97.41135,32.81319],[-97.41199,32.81236],[-97.41195,32.80687],[-97.41528,32.80648],[-97.41197,32.80397],[-97.4121,32.79754],[-97.40714,32.79621],[-97.40528,32.79266],[-97.40838,32.79073],[-97.41032,32.79207],[-97.41531,32.79098],[-97.41328,32.79036],[-97.41552,32.78921],[-97.41795,32.78609],[-97.41603,32.78604],[-97.41587,32.78434],[-97.41898,32.7824],[-97.41878,32.78048],[-97.41744,32.77911],[-97.4216,32.77666],[-97.42038,32.77414],[-97.41774,32.77252],[-97.41771,32.77029],[-97.41521,32.76808],[-97.41608,32.76806],[-97.41327,32.76662],[-97.41909,32.7658],[-97.41909,32.76442],[-97.42131,32.76448],[-97.41938,32.76811],[-97.42776,32.76821],[-97.42777,32.76563],[-97.43535,32.76563],[-97.43535,32.76343],[-97.44008,32.76343],[-97.44011,32.7654],[-97.44585,32.76548]]]}},{"type":"Feature","properties":{"zip":"76115"},"geometry":{"type":"Polygon","coordinates":[[[-97.35721,32.68453],[-97.35645,32.68021],[-97.35673,32.66862],[-97.35599,32.66796],[-97.33892,32.66425],[-97.33181,32.66408],[-97.3269,32.66473],[-97.32691,32.66543],[-97.31082,32.66922],[-97.3061,32.66964],[-97.31163,32.67451],[-97.30927,32.67575],[-97.31083,32.68083],[-97.30803,32.68238],[-97.30455,32.68308],[-97.30711,32.68837],[-97.30709,32.69128],[-97.30799,32.69205],[-97.30579,32.69473],[-97.30595,32.69657],[-97.31047,32.69954],[-97.31294,32.70001],[-97.31575,32.68945],[-97.32026,32.6894],[-97.3203,32.68433],[-97.32165,32.68437],[-97.321,32.68857],[-97.33349,32.68841],[-97.33349,32.68755],[-97.33514,32.68755],[-97.33513,32.6883],[-97.34725,32.68809],[-97.34694,32.68988],[-97.34604,32.68989],[-97.346,32.69156],[-97.34493,32.69159],[-97.34542,32.69348],[-97.34762,32.68922],[-97.34765,32.69034],[-97.34835,32.69031],[-97.34837,32.68855],[-97.35614,32.68788],[-97.35613,32.68458],[-97.35721,32.68453]]]}},{"type":"Feature","properties":{"zip":"76116"},"geometry":{"type":"Polygon","coordinates":[[[-97.51898,32.72068],[-97.50958,32.72049],[-97.50392,32.72205],[-97.50388,32.71913],[-97.49541,32.71761],[-97.49531,32.72458],[-97.48372,32.72455],[-97.48382,32.71828],[-97.48018,32.71823],[-97.47781,32.71159],[-97.46909,32.71002],[-97.46815,32.70739],[-97.46471,32.70651],[-97.46321,32.703],[-97.45828,32.70009],[-97.45537,32.70029],[-97.45062,32.69666],[-97.4474,32.69528],[-97.44902,32.69295],[-97.44457,32.69478],[-97.44157,32.69235],[-97.43864,32.69323],[-97.43732,32.69208],[-97.43593,32.69313],[-97.43593,32.69486],[-97.43557,32.69316],[-97.434,32.69362],[-97.433,32.693],[-97.42771,32.69611],[-97.42516,32.69614],[-97.41848,32.69812],[-97.41181,32.70468],[-97.4117,32.71038],[-97.41274,32.71001],[-97.41388,32.71441],[-97.41301,32.71679],[-97.41355,32.71792],[-97.4134,32.73416],[-97.41867,32.73461],[-97.41883,32.73747],[-97.42071,32.73813],[-97.42068,32.73943],[-97.42181,32.74032],[-97.42076,32.7416],[-97.41973,32.74165],[-97.41914,32.74334],[-97.42006,32.74417],[-97.41869,32.74575],[-97.41971,32.74657],[-97.41919,32.74693],[-97.42071,32.74939],[-97.41973,32.7501],[-97.42,32.75092],[-97.41887,32.75093],[-97.41853,32.75172],[-97.41543,32.75128],[-97.41601,32.75394],[-97.42465,32.75398],[-97.42626,32.75324],[-97.42695,32.75157],[-97.43022,32.75069],[-97.43136,32.74751],[-97.43278,32.74698],[-97.43436,32.74967],[-97.44018,32.74341],[-97.44142,32.74485],[-97.44562,32.74492],[-97.44483,32.74231],[-97.44359,32.7414],[-97.44079,32.74242],[-97.44082,32.7365],[-97.44929,32.73803],[-97.48346,32.73781],[-97.48352,32.73615],[-97.48523,32.73299],[-97.48369,32.72973],[-97.48695,32.72882],[-97.49535,32.72884],[-97.49542,32.72598],[-97.49993,32.72606],[-97.50103,32.72783],[-97.50378,32.72788],[-97.50375,32.72932],[-97.51589,32.72375],[-97.51898,32.72174],[-97.51898,32.72068]]]}},{"type":"Feature","properties":{"zip":"76117"},"geometry":{"type":"Polygon","coordinates":[[[-97.29064,32.83166],[-97.29061,32.79511],[-97.28566,32.79504],[-97.28567,32.79574],[-97.28457,32.79573],[-97.28454,32.79503],[-97.28542,32.79504],[-97.28549,32.79247],[-97.28553,32.78802],[-97.28469,32.78793],[-97.2847,32.78601],[-97.28954,32.78179],[-97.28876,32.78147],[-97.28875,32.78006],[-97.28746,32.7796],[-97.2875,32.77556],[-97.28811,32.77526],[-97.28741,32.77391],[-97.28681,32.77408],[-97.27849,32.7774],[-97.27849,32.77925],[-97.27767,32.77962],[-97.27322,32.7796],[-97.27326,32.77831],[-97.2821,32.77428],[-97.28206,32.76981],[-97.27972,32.76924],[-97.28357,32.76535],[-97.27061,32.76648],[-97.27188,32.76833],[-97.27123,32.77133],[-97.27327,32.77303],[-97.27215,32.77402],[-97.2722,32.77563],[-97.27032,32.77616],[-97.27151,32.77739],[-97.27025,32.7783],[-97.26673,32.77893],[-97.25835,32.77726],[-97.25676,32.77558],[-97.25425,32.77486],[-97.24969,32.77152],[-97.24703,32.77331],[-97.24406,32.77136],[-97.24266,32.77211],[-97.24144,32.77634],[-97.23237,32.78045],[-97.23525,32.78242],[-97.2368,32.78103],[-97.23874,32.78177],[-97.24006,32.78364],[-97.23846,32.78562],[-97.23873,32.78668],[-97.24108,32.78647],[-97.24318,32.78767],[-97.24318,32.79111],[-97.23592,32.79422],[-97.23694,32.79443],[-97.24202,32.8007],[-97.24866,32.80407],[-97.24926,32.80724],[-97.24867,32.80758],[-97.25337,32.81315],[-97.25335,32.8145],[-97.25162,32.81649],[-97.25162,32.81819],[-97.25304,32.81853],[-97.25709,32.8225],[-97.25706,32.82396],[-97.25287,32.82573],[-97.25245,32.82702],[-97.25369,32.82801],[-97.2536,32.82939],[-97.25531,32.83259],[-97.25871,32.83555],[-97.25556,32.83682],[-97.25285,32.84031],[-97.26408,32.83938],[-97.29036,32.83943],[-97.29038,32.83479],[-97.28208,32.83523],[-97.2817,32.83166],[-97.29064,32.83166]]]}},{"type":"Feature","properties":{"zip":"76118"},"geometry":{"type":"Polygon","coordinates":[[[-97.24926,32.80724],[-97.24866,32.80407],[-97.24202,32.8007],[-97.23694,32.79443],[-97.23592,32.79422],[-97.24318,32.79111],[-97.24318,32.78767],[-97.24108,32.78647],[-97.23873,32.78668],[-97.23846,32.78562],[-97.24006,32.78364],[-97.23726,32.78103],[-97.23525,32.78242],[-97.23237,32.78045],[-97.22575,32.78273],[-97.22108,32.78196],[-97.21905,32.78006],[-97.2186,32.78101],[-97.21655,32.78022],[-97.21447,32.78056],[-97.20753,32.78388],[-97.20591,32.78771],[-97.20667,32.78824],[-97.20853,32.78772],[-97.20875,32.78961],[-97.2047,32.78938],[-97.20346,32.79136],[-97.20256,32.78979],[-97.20085,32.7907],[-97.20075,32.79269],[-97.20363,32.79366],[-97.20097,32.79554],[-97.19928,32.79464],[-97.19876,32.79247],[-97.19548,32.79366],[-97.19544,32.79085],[-97.19469,32.78986],[-97.18882,32.7899],[-97.18811,32.78942],[-97.18869,32.78812],[-97.18812,32.78773],[-97.18434,32.78908],[-97.18308,32.7873],[-97.18438,32.78609],[-97.18417,32.78544],[-97.18074,32.78446],[-97.18014,32.78255],[-97.17599,32.78135],[-97.17208,32.77654],[-97.16796,32.77493],[-97.15862,32.77496],[-97.15632,32.77184],[-97.15318,32.77592],[-97.1531,32.77861],[-97.14924,32.77615],[-97.14797,32.77882],[-97.14562,32.77838],[-97.14566,32.78128],[-97.14409,32.78007],[-97.14288,32.78016],[-97.14204,32.78285],[-97.14282,32.78494],[-97.14163,32.78599],[-97.14187,32.78771],[-97.14011,32.78839],[-97.14017,32.79742],[-97.14329,32.80163],[-97.14594,32.80089],[-97.15536,32.80215],[-97.17676,32.80204],[-97.17496,32.80011],[-97.16919,32.79969],[-97.16921,32.79788],[-97.17112,32.79744],[-97.17514,32.7985],[-97.17669,32.79999],[-97.17794,32.79995],[-97.17827,32.79869],[-97.18376,32.80247],[-97.20104,32.80269],[-97.2048,32.80158],[-97.20978,32.79812],[-97.21231,32.7979],[-97.21224,32.81951],[-97.2076,32.81947],[-97.20745,32.82382],[-97.21559,32.82378],[-97.21558,32.82189],[-97.21963,32.82219],[-97.21962,32.82379],[-97.22466,32.82382],[-97.22464,32.82273],[-97.22749,32.82252],[-97.23375,32.81734],[-97.23495,32.81846],[-97.24708,32.80936],[-97.24439,32.8091],[-97.24926,32.80724]]]}},{"type":"Feature","properties":{"zip":"76119"},"geometry":{"type":"Polygon","coordinates":[[[-97.31294,32.70001],[-97.31001,32.69938],[-97.30595,32.69657],[-97.30579,32.69473],[-97.30799,32.69205],[-97.30709,32.69128],[-97.30711,32.68837],[-97.30455,32.68302],[-97.30803,32.68238],[-97.31083,32.68083],[-97.30927,32.67575],[-97.31163,32.67451],[-97.3061,32.66964],[-97.2994,32.66825],[-97.28323,32.66143],[-97.24824,32.66145],[-97.24401,32.66311],[-97.2382,32.66758],[-97.23148,32.66807],[-97.23146,32.66908],[-97.23351,32.67128],[-97.23282,32.67352],[-97.2308,32.67507],[-97.22926,32.67789],[-97.22591,32.69008],[-97.22369,32.69153],[-97.21428,32.69371],[-97.21044,32.69867],[-97.20895,32.70438],[-97.20883,32.71317],[-97.21106,32.71733],[-97.21405,32.71895],[-97.22497,32.7195],[-97.22539,32.72046],[-97.2376,32.72068],[-97.23793,32.70955],[-97.24268,32.70964],[-97.24847,32.71304],[-97.24846,32.7105],[-97.25031,32.71031],[-97.25608,32.71151],[-97.25608,32.71297],[-97.26751,32.71406],[-97.27665,32.7135],[-97.27725,32.71172],[-97.27943,32.71247],[-97.27842,32.71087],[-97.28004,32.70641],[-97.28472,32.70655],[-97.28474,32.70774],[-97.28886,32.70778],[-97.28941,32.70642],[-97.29677,32.70687],[-97.29862,32.70784],[-97.30054,32.71043],[-97.30919,32.71008],[-97.31107,32.70594],[-97.31248,32.70594],[-97.3111,32.70583],[-97.31294,32.70001]]]}},{"type":"Feature","properties":{"zip":"76120"},"geometry":{"type":"Polygon","coordinates":[[[-97.21416,32.7599],[-97.18329,32.75978],[-97.18333,32.75627],[-97.18447,32.75594],[-97.18465,32.75345],[-97.18321,32.75353],[-97.18308,32.75154],[-97.18114,32.74854],[-97.18254,32.74296],[-97.18242,32.73076],[-97.17978,32.73113],[-97.17923,32.73603],[-97.17402,32.7396],[-97.17295,32.74175],[-97.16917,32.74401],[-97.16307,32.7456],[-97.16301,32.75587],[-97.16108,32.75654],[-97.16109,32.75756],[-97.15442,32.75701],[-97.14973,32.75924],[-97.1491,32.76777],[-97.15019,32.76798],[-97.15051,32.76931],[-97.15113,32.76725],[-97.15258,32.76827],[-97.15041,32.77122],[-97.14864,32.77155],[-97.14905,32.77541],[-97.1531,32.77861],[-97.15318,32.77592],[-97.15632,32.77184],[-97.15764,32.77299],[-97.15795,32.7746],[-97.15928,32.77515],[-97.16809,32.77497],[-97.17263,32.77688],[-97.17599,32.78135],[-97.18025,32.78261],[-97.18074,32.78446],[-97.18417,32.78544],[-97.18438,32.78609],[-97.18308,32.7873],[-97.18434,32.78908],[-97.18812,32.78773],[-97.18869,32.78812],[-97.18811,32.78942],[-97.18882,32.7899],[-97.19469,32.78986],[-97.19544,32.79085],[-97.19548,32.79366],[-97.19876,32.79247],[-97.19928,32.79464],[-97.20133,32.79555],[-97.20363,32.79366],[-97.20075,32.79269],[-97.20085,32.7907],[-97.20256,32.78979],[-97.20346,32.79136],[-97.2047,32.78938],[-97.20875,32.78961],[-97.20881,32.78793],[-97.20629,32.78816],[-97.20596,32.7869],[-97.20766,32.78374],[-97.21273,32.78134],[-97.213,32.76309],[-97.21416,32.7599]]]}},{"type":"Feature","properties":{"zip":"76123"},"geometry":{"type":"Polygon","coordinates":[[[-97.44783,32.64351],[-97.44524,32.63951],[-97.44465,32.635],[-97.44379,32.63449],[-97.44121,32.63563],[-97.43969,32.63541],[-97.43838,32.63661],[-97.43796,32.63484],[-97.43505,32.63173],[-97.43526,32.63019],[-97.43276,32.62946],[-97.43538,32.62994],[-97.43912,32.63317],[-97.44237,32.63247],[-97.44343,32.63125],[-97.44238,32.62761],[-97.43991,32.62419],[-97.44027,32.62312],[-97.43914,32.62279],[-97.43806,32.62043],[-97.43821,32.61835],[-97.43669,32.61612],[-97.43543,32.61584],[-97.43588,32.61331],[-97.43496,32.61173],[-97.43417,32.61202],[-97.43449,32.61078],[-97.42692,32.61073],[-97.42827,32.61037],[-97.42691,32.61003],[-97.42692,32.59993],[-97.41656,32.59996],[-97.41637,32.59396],[-97.41401,32.59602],[-97.41266,32.59868],[-97.41249,32.61543],[-97.40615,32.6154],[-97.40592,32.6128],[-97.40764,32.60996],[-97.40698,32.60643],[-97.4025,32.60643],[-97.39538,32.60408],[-97.38845,32.60395],[-97.38847,32.60747],[-97.35513,32.60679],[-97.35396,32.63481],[-97.36987,32.63483],[-97.37,32.62793],[-97.40021,32.62818],[-97.4128,32.62926],[-97.40606,32.63223],[-97.39941,32.63247],[-97.39891,32.63523],[-97.40129,32.63936],[-97.4012,32.64295],[-97.40217,32.64447],[-97.40881,32.64371],[-97.41756,32.64557],[-97.44677,32.64666],[-97.44546,32.64465],[-97.4472,32.64478],[-97.44783,32.64351]]]}},{"type":"Feature","properties":{"zip":"76126"},"geometry":{"type":"Polygon","coordinates":[[[-97.60048,32.71548],[-97.5988,32.71533],[-97.56886,32.67562],[-97.57163,32.67215],[-97.57454,32.67222],[-97.57482,32.66498],[-97.57862,32.66465],[-97.57885,32.6573],[-97.58134,32.65747],[-97.58121,32.65111],[-97.5802,32.65188],[-97.57918,32.64949],[-97.57801,32.64958],[-97.57786,32.64845],[-97.57668,32.64841],[-97.57594,32.64717],[-97.57481,32.6479],[-97.57438,32.64719],[-97.57056,32.64667],[-97.56938,32.64793],[-97.5679,32.64691],[-97.56815,32.64617],[-97.56541,32.64447],[-97.56444,32.64111],[-97.56638,32.63813],[-97.56485,32.63716],[-97.56481,32.63458],[-97.56575,32.63378],[-97.568,32.63373],[-97.5683,32.63304],[-97.56567,32.62979],[-97.56862,32.63052],[-97.56859,32.62893],[-97.56101,32.6289],[-97.56095,32.62719],[-97.55937,32.62534],[-97.56191,32.62521],[-97.56179,32.62289],[-97.56383,32.62308],[-97.56618,32.62206],[-97.56618,32.61433],[-97.57311,32.6146],[-97.57314,32.60892],[-97.57818,32.60892],[-97.57835,32.61038],[-97.5832,32.61116],[-97.58653,32.61421],[-97.59309,32.61523],[-97.59202,32.61248],[-97.58769,32.61236],[-97.5851,32.61036],[-97.58302,32.60753],[-97.58431,32.60516],[-97.58229,32.60348],[-97.58065,32.60432],[-97.57967,32.6039],[-97.57883,32.60206],[-97.57667,32.60156],[-97.57544,32.59925],[-97.57608,32.59739],[-97.58995,32.58912],[-97.58982,32.57721],[-97.59108,32.57723],[-97.59109,32.57667],[-97.567,32.57651],[-97.56504,32.56927],[-97.56182,32.56231],[-97.56146,32.55535],[-97.50342,32.55544],[-97.50342,32.55749],[-97.49505,32.56406],[-97.49093,32.57044],[-97.4891,32.5745],[-97.48786,32.58245],[-97.48169,32.59104],[-97.48173,32.59205],[-97.48271,32.5926],[-97.47839,32.59259],[-97.47952,32.59497],[-97.47885,32.59714],[-97.47544,32.5991],[-97.47174,32.6036],[-97.46952,32.60475],[-97.46446,32.60336],[-97.46362,32.60105],[-97.46102,32.59925],[-97.46143,32.59867],[-97.45833,32.59819],[-97.45726,32.59726],[-97.45648,32.59506],[-97.45716,32.59357],[-97.45648,32.59349],[-97.45471,32.5973],[-97.45563,32.59979],[-97.45934,32.6019],[-97.46001,32.60298],[-97.45975,32.60545],[-97.4626,32.60745],[-97.46291,32.61033],[-97.4621,32.61022],[-97.46153,32.60793],[-97.45926,32.60613],[-97.458,32.60604],[-97.4572,32.60696],[-97.45701,32.60679],[-97.45681,32.60668],[-97.45652,32.6066],[-97.45603,32.60681],[-97.45723,32.60707],[-97.45823,32.6066],[-97.4601,32.60884],[-97.46029,32.61017],[-97.46129,32.61023],[-97.4585,32.61028],[-97.45976,32.61112],[-97.46121,32.61637],[-97.45946,32.61743],[-97.46186,32.61726],[-97.46373,32.61966],[-97.45872,32.62211],[-97.45825,32.62451],[-97.45699,32.62614],[-97.45597,32.62554],[-97.4561,32.62824],[-97.45506,32.6317],[-97.45422,32.63189],[-97.4518,32.63026],[-97.4529,32.63348],[-97.44587,32.63118],[-97.44238,32.62761],[-97.44343,32.63125],[-97.44237,32.63247],[-97.43985,32.63314],[-97.43694,32.63183],[-97.43538,32.62994],[-97.43337,32.6293],[-97.43276,32.62946],[-97.43526,32.63019],[-97.43505,32.63173],[-97.43796,32.63484],[-97.43838,32.63661],[-97.43969,32.63541],[-97.44121,32.63563],[-97.44379,32.63449],[-97.44465,32.635],[-97.44524,32.63951],[-97.44783,32.64351],[-97.4472,32.64478],[-97.44545,32.6447],[-97.44672,32.64572],[-97.44651,32.64714],[-97.44844,32.65083],[-97.44754,32.65375],[-97.45045,32.65858],[-97.44701,32.66429],[-97.44467,32.66388],[-97.44453,32.66201],[-97.44238,32.66195],[-97.44198,32.66521],[-97.4387,32.66686],[-97.43608,32.66686],[-97.43744,32.67008],[-97.43474,32.67217],[-97.43311,32.67748],[-97.43081,32.67864],[-97.42921,32.68177],[-97.42513,32.68212],[-97.4251,32.68315],[-97.42795,32.68741],[-97.42878,32.69252],[-97.42968,32.69335],[-97.4284,32.69569],[-97.43315,32.69295],[-97.434,32.69362],[-97.43557,32.69316],[-97.43593,32.69486],[-97.43593,32.69313],[-97.43732,32.69208],[-97.43864,32.69323],[-97.44157,32.69235],[-97.44457,32.69478],[-97.44902,32.69295],[-97.4474,32.69528],[-97.45062,32.69666],[-97.45537,32.70029],[-97.45828,32.70009],[-97.46321,32.703],[-97.46471,32.70651],[-97.46815,32.70739],[-97.46909,32.71002],[-97.47781,32.71159],[-97.48018,32.71823],[-97.48382,32.71828],[-97.48372,32.72455],[-97.49531,32.72458],[-97.49541,32.71761],[-97.50388,32.71913],[-97.50392,32.72205],[-97.51091,32.72049],[-97.50946,32.71893],[-97.50685,32.71912],[-97.50433,32.71732],[-97.50676,32.71548],[-97.50628,32.71476],[-97.50829,32.71272],[-97.51334,32.71421],[-97.5135,32.71496],[-97.51519,32.71406],[-97.51463,32.71234],[-97.51636,32.71144],[-97.51353,32.71137],[-97.51362,32.70781],[-97.51963,32.70795],[-97.51969,32.70452],[-97.5212,32.70455],[-97.52137,32.69531],[-97.52802,32.69528],[-97.53877,32.69669],[-97.54358,32.69867],[-97.54908,32.70271],[-97.549,32.72141],[-97.56707,32.72149],[-97.57365,32.72405],[-97.59991,32.7301],[-97.59846,32.7197],[-97.60048,32.71548]]]}},{"type":"Feature","properties":{"zip":"76127"},"geometry":{"type":"Polygon","coordinates":[[[-97.44251,32.78894],[-97.44318,32.76544],[-97.44011,32.7654],[-97.44008,32.76343],[-97.43535,32.76343],[-97.43535,32.76563],[-97.42777,32.76563],[-97.42776,32.76821],[-97.41938,32.76811],[-97.42131,32.76448],[-97.41909,32.76442],[-97.41909,32.7658],[-97.41327,32.76662],[-97.41608,32.76806],[-97.41521,32.76808],[-97.41771,32.77029],[-97.41781,32.77261],[-97.42038,32.77414],[-97.42161,32.77642],[-97.4209,32.77759],[-97.41744,32.77911],[-97.41878,32.78048],[-97.41898,32.7824],[-97.41587,32.78434],[-97.41603,32.78604],[-97.41795,32.78609],[-97.41328,32.79082],[-97.41565,32.79039],[-97.41762,32.78829],[-97.42024,32.79095],[-97.42135,32.78938],[-97.42171,32.79125],[-97.42243,32.78989],[-97.42113,32.78814],[-97.42145,32.78728],[-97.42446,32.78657],[-97.42681,32.78752],[-97.43355,32.785],[-97.43793,32.78701],[-97.4393,32.78596],[-97.43896,32.78747],[-97.44001,32.78887],[-97.44251,32.78894]]]}},{"type":"Feature","properties":{"zip":"76129"},"geometry":{"type":"Polygon","coordinates":[[[-97.3653,32.71023],[-97.36492,32.70705],[-97.36048,32.70708],[-97.36044,32.71171],[-97.36443,32.71168],[-97.36452,32.71025],[-97.3653,32.71023]]]}},{"type":"Feature","properties":{"zip":"76131"},"geometry":{"type":"Polygon","coordinates":[[[-97.39199,32.92444],[-97.3918,32.90987],[-97.37497,32.90982],[-97.37505,32.90457],[-97.38225,32.90467],[-97.38232,32.90276],[-97.38558,32.90275],[-97.38562,32.89806],[-97.37913,32.89802],[-97.37871,32.89707],[-97.38048,32.89477],[-97.38037,32.89325],[-97.38335,32.89271],[-97.38034,32.89041],[-97.38031,32.88815],[-97.37365,32.88831],[-97.37349,32.88315],[-97.36996,32.88381],[-97.36988,32.87728],[-97.36616,32.87715],[-97.36388,32.87565],[-97.36273,32.87086],[-97.36828,32.8706],[-97.3622,32.86359],[-97.36169,32.86089],[-97.35255,32.86089],[-97.35308,32.84905],[-97.3591,32.85586],[-97.36072,32.85527],[-97.36015,32.84786],[-97.35945,32.84791],[-97.35822,32.83851],[-97.34434,32.84284],[-97.32656,32.83954],[-97.31673,32.83954],[-97.31358,32.84093],[-97.31252,32.843],[-97.31264,32.85208],[-97.31692,32.8739],[-97.31707,32.88719],[-97.3317,32.88734],[-97.33171,32.89879],[-97.34872,32.91602],[-97.34882,32.92429],[-97.37274,32.9243],[-97.37282,32.92521],[-97.37478,32.92522],[-97.37478,32.92434],[-97.39199,32.92444]]]}},{"type":"Feature","properties":{"zip":"76132"},"geometry":{"type":"Polygon","coordinates":[[[-97.45045,32.65858],[-97.44754,32.65375],[-97.44844,32.65083],[-97.44651,32.64653],[-97.41756,32.64557],[-97.41362,32.64479],[-97.41117,32.65021],[-97.38117,32.67509],[-97.39582,32.68198],[-97.39511,32.68208],[-97.4186,32.69186],[-97.42418,32.69642],[-97.42752,32.69617],[-97.42968,32.69335],[-97.42878,32.69252],[-97.42795,32.68741],[-97.4251,32.68315],[-97.42513,32.68212],[-97.42921,32.68177],[-97.43081,32.67864],[-97.43311,32.67748],[-97.43474,32.67217],[-97.43744,32.67008],[-97.43608,32.66686],[-97.4387,32.66686],[-97.44198,32.66521],[-97.44238,32.66195],[-97.44453,32.66201],[-97.44467,32.66388],[-97.44701,32.66429],[-97.45045,32.65858]]]}},{"type":"Feature","properties":{"zip":"76133"},"geometry":{"type":"Polygon","coordinates":[[[-97.41352,32.64511],[-97.40881,32.64371],[-97.40217,32.64447],[-97.4012,32.64295],[-97.40129,32.63936],[-97.39884,32.63476],[-97.39941,32.63247],[-97.40606,32.63223],[-97.4128,32.62926],[-97.40021,32.62818],[-97.37,32.62793],[-97.36987,32.63483],[-97.35395,32.63499],[-97.35259,32.66726],[-97.35673,32.66862],[-97.35645,32.68021],[-97.35721,32.68453],[-97.35613,32.68458],[-97.35613,32.68928],[-97.36606,32.68889],[-97.3769,32.67863],[-97.41117,32.65021],[-97.41352,32.64511]]]}},{"type":"Feature","properties":{"zip":"76134"},"geometry":{"type":"Polygon","coordinates":[[[-97.35767,32.63498],[-97.35396,32.63481],[-97.35508,32.6082],[-97.3515,32.60915],[-97.34989,32.61413],[-97.32377,32.61399],[-97.32345,32.62017],[-97.32204,32.62019],[-97.3221,32.614],[-97.32154,32.61399],[-97.32128,32.65332],[-97.31282,32.65324],[-97.3128,32.6504],[-97.30431,32.65046],[-97.3043,32.64562],[-97.29148,32.6456],[-97.29122,32.65013],[-97.29764,32.65992],[-97.29651,32.66218],[-97.29965,32.66369],[-97.30183,32.66638],[-97.30665,32.66967],[-97.31152,32.66907],[-97.33025,32.66414],[-97.33832,32.66415],[-97.35259,32.66726],[-97.35395,32.63499],[-97.35767,32.63498]]]}},{"type":"Feature","properties":{"zip":"76135"},"geometry":{"type":"Polygon","coordinates":[[[-97.53969,32.84555],[-97.53856,32.84456],[-97.53854,32.84319],[-97.53773,32.8432],[-97.53766,32.84207],[-97.53518,32.84201],[-97.53523,32.83796],[-97.53644,32.83807],[-97.53522,32.8344],[-97.53137,32.83732],[-97.53098,32.83666],[-97.53075,32.83485],[-97.53181,32.83336],[-97.52949,32.82538],[-97.51829,32.82517],[-97.51196,32.82316],[-97.48813,32.82305],[-97.48447,32.81648],[-97.49236,32.81626],[-97.49178,32.81392],[-97.49398,32.81155],[-97.49263,32.81141],[-97.48982,32.80896],[-97.48594,32.80962],[-97.48746,32.80769],[-97.48471,32.80832],[-97.48567,32.80965],[-97.48481,32.8101],[-97.48368,32.80661],[-97.48436,32.80597],[-97.48631,32.8072],[-97.48737,32.80663],[-97.48706,32.80559],[-97.4879,32.80484],[-97.49124,32.80585],[-97.49134,32.80144],[-97.48992,32.80095],[-97.49066,32.80058],[-97.48932,32.80012],[-97.48845,32.79788],[-97.49006,32.79632],[-97.4848,32.79818],[-97.48417,32.79772],[-97.48602,32.79649],[-97.48368,32.79699],[-97.47604,32.79503],[-97.47329,32.79659],[-97.47151,32.79463],[-97.46656,32.79334],[-97.46445,32.79418],[-97.46108,32.79318],[-97.46311,32.79238],[-97.4621,32.79081],[-97.46291,32.78899],[-97.46189,32.7887],[-97.46085,32.79081],[-97.45787,32.79022],[-97.45328,32.7938],[-97.45198,32.79312],[-97.45221,32.79375],[-97.45005,32.79428],[-97.44511,32.79366],[-97.4442,32.79426],[-97.43995,32.79344],[-97.43926,32.79375],[-97.43923,32.79561],[-97.43827,32.79396],[-97.43702,32.79397],[-97.43622,32.79529],[-97.43629,32.79394],[-97.4295,32.79341],[-97.42388,32.79483],[-97.42364,32.79698],[-97.42189,32.79728],[-97.42185,32.79474],[-97.41961,32.79434],[-97.41861,32.79514],[-97.41827,32.79402],[-97.41495,32.79375],[-97.41531,32.79098],[-97.41032,32.79207],[-97.40838,32.79073],[-97.40528,32.79266],[-97.4063,32.79506],[-97.40738,32.79635],[-97.41207,32.79751],[-97.41197,32.80397],[-97.41528,32.80648],[-97.41195,32.80687],[-97.41199,32.81236],[-97.41135,32.81319],[-97.40787,32.81216],[-97.40785,32.816],[-97.39415,32.82227],[-97.3949,32.82331],[-97.3911,32.82517],[-97.39023,32.82872],[-97.3926,32.82631],[-97.39553,32.83054],[-97.3959,32.8332],[-97.40257,32.83325],[-97.40258,32.8343],[-97.4063,32.83431],[-97.40681,32.83229],[-97.41565,32.83625],[-97.42528,32.83633],[-97.42529,32.84008],[-97.42643,32.84404],[-97.42613,32.86299],[-97.44558,32.86313],[-97.44564,32.87138],[-97.44802,32.87598],[-97.44401,32.8766],[-97.4495,32.87771],[-97.45051,32.87689],[-97.45106,32.87753],[-97.44997,32.8801],[-97.45167,32.87828],[-97.45344,32.88021],[-97.455,32.87954],[-97.4553,32.88188],[-97.46014,32.88159],[-97.46349,32.88376],[-97.47186,32.8852],[-97.48644,32.88068],[-97.49315,32.88077],[-97.50046,32.87612],[-97.50414,32.87561],[-97.50518,32.8774],[-97.50444,32.88114],[-97.49925,32.89367],[-97.51281,32.89376],[-97.5094,32.88543],[-97.50977,32.88212],[-97.50902,32.88141],[-97.50872,32.87732],[-97.50955,32.87502],[-97.50985,32.87572],[-97.5122,32.87576],[-97.512,32.87668],[-97.51987,32.87694],[-97.52131,32.87869],[-97.52369,32.87925],[-97.52478,32.88089],[-97.52403,32.87917],[-97.52209,32.87812],[-97.52218,32.87685],[-97.52288,32.87738],[-97.52449,32.87764],[-97.52409,32.87731],[-97.51558,32.87416],[-97.50964,32.87286],[-97.51123,32.86728],[-97.51169,32.87185],[-97.51264,32.87155],[-97.51299,32.86074],[-97.51922,32.85999],[-97.51306,32.85604],[-97.51356,32.85542],[-97.52238,32.85526],[-97.52473,32.85323],[-97.52337,32.85324],[-97.52336,32.84959],[-97.53098,32.8496],[-97.53102,32.84796],[-97.53794,32.84794],[-97.53797,32.84542],[-97.53969,32.84555]]]}},{"type":"Feature","properties":{"zip":"76137"},"geometry":{"type":"Polygon","coordinates":[[[-97.31744,32.8395],[-97.31403,32.83887],[-97.31308,32.83441],[-97.31309,32.81936],[-97.31494,32.8098],[-97.31197,32.81071],[-97.30307,32.80978],[-97.29055,32.80977],[-97.29064,32.83166],[-97.2817,32.83166],[-97.28208,32.83523],[-97.29038,32.83479],[-97.29036,32.83943],[-97.26946,32.8394],[-97.26854,32.8408],[-97.26734,32.84395],[-97.26462,32.86051],[-97.26398,32.86051],[-97.26461,32.86064],[-97.25888,32.89475],[-97.27159,32.89479],[-97.27934,32.89256],[-97.28464,32.89252],[-97.28964,32.89387],[-97.28968,32.89075],[-97.31679,32.89065],[-97.31701,32.87476],[-97.31284,32.85397],[-97.3125,32.84335],[-97.31435,32.84031],[-97.31744,32.8395]]]}},{"type":"Feature","properties":{"zip":"76140"},"geometry":{"type":"Polygon","coordinates":[[[-97.33133,32.61402],[-97.32725,32.58989],[-97.32275,32.59131],[-97.32287,32.59024],[-97.32059,32.58974],[-97.31961,32.58842],[-97.31953,32.59921],[-97.3087,32.59924],[-97.30825,32.59764],[-97.2906,32.5976],[-97.28571,32.59504],[-97.27992,32.59616],[-97.27875,32.59484],[-97.27523,32.59424],[-97.27858,32.59114],[-97.27345,32.59094],[-97.27335,32.5891],[-97.26975,32.58908],[-97.26795,32.58549],[-97.26624,32.58551],[-97.26524,32.57957],[-97.26335,32.57958],[-97.26334,32.58172],[-97.26152,32.58172],[-97.26147,32.58757],[-97.25892,32.58757],[-97.25903,32.58386],[-97.25261,32.58364],[-97.25247,32.58189],[-97.243,32.58192],[-97.24302,32.57993],[-97.24137,32.57988],[-97.24143,32.57627],[-97.23719,32.57623],[-97.23716,32.57321],[-97.23498,32.5733],[-97.23537,32.57088],[-97.23422,32.56986],[-97.23425,32.56891],[-97.22869,32.56956],[-97.22869,32.5713],[-97.22927,32.5713],[-97.22865,32.57252],[-97.22011,32.57281],[-97.22007,32.57636],[-97.21883,32.57635],[-97.21888,32.57886],[-97.21708,32.57839],[-97.215,32.58017],[-97.21573,32.5867],[-97.21853,32.58666],[-97.21855,32.59074],[-97.2208,32.59069],[-97.22072,32.59966],[-97.21936,32.59966],[-97.21926,32.60389],[-97.22203,32.60709],[-97.22014,32.60708],[-97.22013,32.6081],[-97.21914,32.60813],[-97.21913,32.6114],[-97.22101,32.61144],[-97.22101,32.61231],[-97.22005,32.61231],[-97.22002,32.61321],[-97.21673,32.61322],[-97.21663,32.61903],[-97.21942,32.61921],[-97.21948,32.62092],[-97.22096,32.62105],[-97.22095,32.62177],[-97.23428,32.62238],[-97.23415,32.63823],[-97.24217,32.63844],[-97.24251,32.64179],[-97.24431,32.64227],[-97.24535,32.64437],[-97.24787,32.64568],[-97.24831,32.64672],[-97.24736,32.64945],[-97.2441,32.65073],[-97.24377,32.65295],[-97.2425,32.65451],[-97.23757,32.65724],[-97.23615,32.6597],[-97.23024,32.66218],[-97.22868,32.66447],[-97.22929,32.66647],[-97.23108,32.66676],[-97.23148,32.66807],[-97.2382,32.66758],[-97.24401,32.66311],[-97.24824,32.66145],[-97.28214,32.66134],[-97.28593,32.66214],[-97.30068,32.6687],[-97.30665,32.66967],[-97.30183,32.66638],[-97.29965,32.66369],[-97.29651,32.66218],[-97.29764,32.65992],[-97.29122,32.65013],[-97.29148,32.6456],[-97.3043,32.64562],[-97.30431,32.65046],[-97.3128,32.6504],[-97.31282,32.65324],[-97.32128,32.65332],[-97.32154,32.61399],[-97.3221,32.614],[-97.32204,32.62019],[-97.3238,32.6198],[-97.32377,32.61399],[-97.33133,32.61402]]]}},{"type":"Feature","properties":{"zip":"76148"},"geometry":{"type":"Polygon","coordinates":[[[-97.26935,32.83955],[-97.26279,32.83944],[-97.2539,32.84049],[-97.25298,32.84181],[-97.25425,32.84234],[-97.25345,32.84379],[-97.25439,32.84421],[-97.25416,32.84638],[-97.2518,32.8476],[-97.25175,32.84869],[-97.24961,32.84881],[-97.24959,32.85324],[-97.2386,32.85312],[-97.23772,32.88834],[-97.23856,32.89252],[-97.25444,32.89281],[-97.25439,32.89454],[-97.25888,32.89475],[-97.26461,32.86064],[-97.26398,32.86051],[-97.26462,32.86051],[-97.26744,32.84349],[-97.26935,32.83955]]]}},{"type":"Feature","properties":{"zip":"76155"},"geometry":{"type":"Polygon","coordinates":[[[-97.07205,32.83454],[-97.07067,32.8302],[-97.06947,32.83018],[-97.07087,32.82505],[-97.07055,32.82216],[-97.06781,32.82311],[-97.06126,32.82235],[-97.06057,32.81984],[-97.05657,32.81365],[-97.05447,32.81534],[-97.05349,32.81229],[-97.04956,32.81085],[-97.04881,32.8116],[-97.04896,32.8139],[-97.04557,32.8082],[-97.04222,32.80885],[-97.04125,32.80699],[-97.03738,32.80589],[-97.03666,32.80335],[-97.03713,32.79779],[-97.03512,32.79662],[-97.03483,32.79458],[-97.03513,32.79303],[-97.03725,32.79256],[-97.03568,32.79042],[-97.03577,32.78885],[-97.03471,32.78848],[-97.03386,32.83695],[-97.04604,32.83702],[-97.05725,32.83864],[-97.06469,32.83707],[-97.06964,32.83703],[-97.06951,32.83206],[-97.071,32.83232],[-97.07205,32.83454]]]}},{"type":"Feature","properties":{"zip":"76164"},"geometry":{"type":"Polygon","coordinates":[[[-97.38331,32.78565],[-97.38152,32.78422],[-97.3717,32.78089],[-97.36618,32.7743],[-97.3513,32.76511],[-97.34492,32.76594],[-97.33604,32.75935],[-97.33429,32.75906],[-97.33107,32.76142],[-97.33128,32.76535],[-97.33342,32.76955],[-97.33846,32.77255],[-97.34024,32.77455],[-97.33936,32.78066],[-97.33729,32.78372],[-97.33989,32.78885],[-97.33956,32.7897],[-97.34324,32.79513],[-97.34587,32.79745],[-97.34874,32.79753],[-97.34789,32.79521],[-97.35797,32.79486],[-97.35906,32.79561],[-97.35887,32.79458],[-97.35997,32.79442],[-97.37188,32.79553],[-97.3722,32.79437],[-97.38331,32.78565]]]}},{"type":"Feature","properties":{"zip":"76177"},"geometry":{"type":"Polygon","coordinates":[[[-97.34882,32.92429],[-97.34872,32.91602],[-97.33171,32.89879],[-97.3317,32.88734],[-97.31771,32.88738],[-97.31733,32.88674],[-97.31679,32.89065],[-97.30697,32.89078],[-97.3072,32.92966],[-97.31112,32.93013],[-97.30949,32.93294],[-97.31014,32.94608],[-97.30675,32.94607],[-97.29881,32.95486],[-97.29853,32.95606],[-97.29779,32.95478],[-97.29338,32.95509],[-97.29442,32.95542],[-97.29452,32.95904],[-97.29395,32.95931],[-97.29472,32.96035],[-97.29401,32.96044],[-97.29342,32.96325],[-97.29263,32.96301],[-97.29224,32.96424],[-97.29162,32.96417],[-97.29199,32.96487],[-97.29123,32.96508],[-97.29252,32.96654],[-97.28098,32.97068],[-97.27672,32.97052],[-97.27672,32.97194],[-97.24662,32.97095],[-97.23525,32.99095],[-97.26279,32.9911],[-97.26292,32.97996],[-97.28171,32.97144],[-97.28185,32.97207],[-97.28749,32.97247],[-97.30883,32.9723],[-97.30673,32.98016],[-97.29965,32.99128],[-97.27854,33.02095],[-97.2685,33.03265],[-97.27091,33.03417],[-97.27725,33.03565],[-97.27732,33.03976],[-97.27945,33.04232],[-97.27829,33.04488],[-97.27681,33.0445],[-97.27136,33.04456],[-97.27732,33.04481],[-97.28226,33.04716],[-97.29255,33.04307],[-97.30445,33.04306],[-97.30719,33.03663],[-97.31156,33.02178],[-97.31489,33.01847],[-97.31443,33.01625],[-97.32729,32.9921],[-97.33014,32.9889],[-97.34803,32.9744],[-97.34309,32.97366],[-97.33711,32.97401],[-97.33727,32.96757],[-97.32759,32.96733],[-97.32749,32.96871],[-97.32504,32.96865],[-97.32521,32.97379],[-97.32232,32.97372],[-97.32049,32.97283],[-97.32101,32.96212],[-97.31694,32.96198],[-97.31707,32.94763],[-97.33153,32.94751],[-97.33151,32.93887],[-97.33212,32.93886],[-97.33153,32.92411],[-97.34882,32.92429]]]}},{"type":"Feature","properties":{"zip":"76179"},"geometry":{"type":"Polygon","coordinates":[[[-97.51436,32.94817],[-97.51327,32.94272],[-97.51019,32.93784],[-97.50845,32.93574],[-97.50521,32.93383],[-97.50345,32.92988],[-97.49902,32.92726],[-97.49714,32.92504],[-97.49602,32.92068],[-97.49707,32.91235],[-97.49339,32.9044],[-97.49382,32.90042],[-97.49783,32.89609],[-97.50315,32.88491],[-97.50502,32.87875],[-97.50444,32.8758],[-97.50124,32.87577],[-97.49315,32.88077],[-97.48644,32.88068],[-97.47186,32.8852],[-97.46349,32.88376],[-97.46014,32.88159],[-97.4553,32.88188],[-97.455,32.87954],[-97.45344,32.88021],[-97.45167,32.87828],[-97.44997,32.8801],[-97.45106,32.87753],[-97.45051,32.87689],[-97.4495,32.87771],[-97.44401,32.8766],[-97.44802,32.87598],[-97.44564,32.87138],[-97.44558,32.86313],[-97.42613,32.86299],[-97.42643,32.84404],[-97.42529,32.84008],[-97.42528,32.83633],[-97.41565,32.83625],[-97.40681,32.83229],[-97.4063,32.83431],[-97.40258,32.8343],[-97.40257,32.83325],[-97.3959,32.8332],[-97.39553,32.83054],[-97.3926,32.82631],[-97.39022,32.82885],[-97.3911,32.82517],[-97.3949,32.82331],[-97.39415,32.82227],[-97.375,32.83169],[-97.35796,32.83836],[-97.35945,32.84791],[-97.36015,32.84786],[-97.36072,32.85527],[-97.3591,32.85586],[-97.35308,32.84905],[-97.35255,32.86089],[-97.36169,32.86089],[-97.3622,32.86359],[-97.36828,32.8706],[-97.36273,32.87086],[-97.36361,32.87526],[-97.36572,32.87702],[-97.36988,32.87728],[-97.36996,32.88381],[-97.37349,32.88315],[-97.37365,32.88831],[-97.38031,32.88815],[-97.38034,32.89041],[-97.38335,32.89271],[-97.38037,32.89325],[-97.38048,32.89477],[-97.37871,32.89702],[-97.37913,32.89802],[-97.38562,32.89806],[-97.38558,32.90275],[-97.38232,32.90276],[-97.38225,32.90467],[-97.37505,32.90457],[-97.37497,32.90982],[-97.3918,32.90987],[-97.39199,32.92444],[-97.40505,32.92447],[-97.40559,32.93043],[-97.40675,32.93046],[-97.40702,32.9396],[-97.40906,32.93964],[-97.40909,32.94654],[-97.40934,32.93966],[-97.41808,32.93962],[-97.4194,32.94341],[-97.41865,32.94714],[-97.40946,32.95747],[-97.42072,32.95746],[-97.42068,32.96972],[-97.43112,32.99233],[-97.4435,32.99225],[-97.44321,32.98488],[-97.44455,32.98365],[-97.46767,32.99296],[-97.51261,32.99394],[-97.51006,32.99243],[-97.50783,32.98982],[-97.50784,32.98449],[-97.51025,32.97395],[-97.50508,32.96738],[-97.50445,32.96483],[-97.50617,32.9609],[-97.51024,32.95753],[-97.51436,32.94817]]]}},{"type":"Feature","properties":{"zip":"76180"},"geometry":{"type":"Polygon","coordinates":[[[-97.25871,32.83555],[-97.25531,32.83259],[-97.2536,32.82939],[-97.25369,32.82801],[-97.25245,32.82702],[-97.25287,32.82573],[-97.25715,32.82372],[-97.25683,32.82211],[-97.25304,32.81853],[-97.25162,32.81819],[-97.25203,32.81538],[-97.25338,32.81442],[-97.2532,32.81277],[-97.24867,32.80758],[-97.24439,32.8091],[-97.24708,32.80936],[-97.23495,32.81846],[-97.23375,32.81734],[-97.22749,32.82252],[-97.22464,32.82273],[-97.22466,32.82382],[-97.21962,32.82379],[-97.21963,32.82219],[-97.21558,32.82189],[-97.21559,32.82378],[-97.20534,32.82386],[-97.20506,32.82818],[-97.20387,32.83108],[-97.19478,32.83747],[-97.19188,32.8384],[-97.1929,32.83853],[-97.19303,32.85003],[-97.18614,32.85573],[-97.1861,32.86196],[-97.20977,32.86201],[-97.21728,32.86002],[-97.238,32.86041],[-97.2386,32.85312],[-97.24959,32.85324],[-97.24961,32.84881],[-97.25175,32.84869],[-97.2518,32.8476],[-97.25416,32.84638],[-97.25439,32.84421],[-97.25345,32.84379],[-97.25425,32.84234],[-97.25298,32.84181],[-97.2539,32.84049],[-97.25547,32.84023],[-97.25285,32.84031],[-97.25556,32.83682],[-97.25871,32.83555]]]}},{"type":"Feature","properties":{"zip":"76182"},"geometry":{"type":"Polygon","coordinates":[[[-97.23853,32.89241],[-97.23772,32.88834],[-97.238,32.86041],[-97.21728,32.86002],[-97.20977,32.86201],[-97.1861,32.86196],[-97.18594,32.89943],[-97.1866,32.91144],[-97.19768,32.91176],[-97.19775,32.90755],[-97.21445,32.90756],[-97.21394,32.89873],[-97.21596,32.89796],[-97.21699,32.89875],[-97.21794,32.89793],[-97.21932,32.89818],[-97.22085,32.89694],[-97.22336,32.89827],[-97.22354,32.89728],[-97.22583,32.8965],[-97.22582,32.89236],[-97.23853,32.89241]]]}},{"type":"Feature","properties":{"zip":"76244"},"geometry":{"type":"Polygon","coordinates":[[[-97.31113,32.93024],[-97.3072,32.92966],[-97.30697,32.89078],[-97.28968,32.89075],[-97.28964,32.89387],[-97.28464,32.89252],[-97.27934,32.89256],[-97.27159,32.89479],[-97.25888,32.89475],[-97.25586,32.91671],[-97.26127,32.91677],[-97.26146,32.92922],[-97.26555,32.9292],[-97.26554,32.93402],[-97.26395,32.93465],[-97.2549,32.93461],[-97.25447,32.95536],[-97.24662,32.97095],[-97.27672,32.97194],[-97.27672,32.97052],[-97.28098,32.97068],[-97.29252,32.96654],[-97.29123,32.96508],[-97.29199,32.96487],[-97.29162,32.96417],[-97.29224,32.96424],[-97.29263,32.96301],[-97.29342,32.96325],[-97.29401,32.96044],[-97.29472,32.96035],[-97.29395,32.95931],[-97.29452,32.95904],[-97.29442,32.95542],[-97.29338,32.95509],[-97.29779,32.95478],[-97.29853,32.95606],[-97.29881,32.95486],[-97.30675,32.94607],[-97.31014,32.94608],[-97.30949,32.93294],[-97.31113,32.93024]]]}},{"type":"Feature","properties":{"zip":"76248"},"geometry":{"type":"Polygon","coordinates":[[[-97.26554,32.93402],[-97.26555,32.9292],[-97.26146,32.92922],[-97.26127,32.91677],[-97.25586,32.91671],[-97.25888,32.89475],[-97.25439,32.89454],[-97.25444,32.89281],[-97.22582,32.89236],[-97.22583,32.8965],[-97.22354,32.89728],[-97.22336,32.89827],[-97.22085,32.89694],[-97.21932,32.89818],[-97.21794,32.89793],[-97.21699,32.89875],[-97.21596,32.89796],[-97.21394,32.89873],[-97.21445,32.90756],[-97.19775,32.90755],[-97.19768,32.91176],[-97.17695,32.91185],[-97.17689,32.92261],[-97.17758,32.92212],[-97.1781,32.9235],[-97.18131,32.92087],[-97.18636,32.92439],[-97.18615,32.9257],[-97.18716,32.92688],[-97.20319,32.92711],[-97.20317,32.93796],[-97.20097,32.93795],[-97.20093,32.94035],[-97.20236,32.94037],[-97.20236,32.94166],[-97.20431,32.94168],[-97.2045,32.94482],[-97.20537,32.94486],[-97.20555,32.94657],[-97.20877,32.94658],[-97.20868,32.94925],[-97.21291,32.94886],[-97.21298,32.94615],[-97.21008,32.94614],[-97.21014,32.94473],[-97.21054,32.94532],[-97.21441,32.94542],[-97.21475,32.94957],[-97.21697,32.94894],[-97.21714,32.94722],[-97.22049,32.9472],[-97.22066,32.94891],[-97.22653,32.94965],[-97.22727,32.95484],[-97.22905,32.95494],[-97.22906,32.95629],[-97.22809,32.9563],[-97.22793,32.96344],[-97.2329,32.96349],[-97.23279,32.97079],[-97.23849,32.97083],[-97.22817,32.97076],[-97.22897,32.97118],[-97.22876,32.99092],[-97.23525,32.99095],[-97.25404,32.95695],[-97.25474,32.95292],[-97.25426,32.94573],[-97.2549,32.93461],[-97.26421,32.93461],[-97.26554,32.93402]]]}},{"type":"Feature","properties":{"zip":"76262"},"geometry":{"type":"Polygon","coordinates":[[[-97.30876,32.97259],[-97.28749,32.97247],[-97.28185,32.97207],[-97.28171,32.97144],[-97.27857,32.97258],[-97.26292,32.97996],[-97.26279,32.9911],[-97.22876,32.99092],[-97.22897,32.97118],[-97.22817,32.97076],[-97.23288,32.97096],[-97.23849,32.97083],[-97.23279,32.97079],[-97.2329,32.96349],[-97.22793,32.96344],[-97.22809,32.9563],[-97.22906,32.95629],[-97.22905,32.95494],[-97.22727,32.95484],[-97.22653,32.94965],[-97.22066,32.94891],[-97.22049,32.9472],[-97.21714,32.94722],[-97.21697,32.94894],[-97.21475,32.94957],[-97.21441,32.94542],[-97.21054,32.94532],[-97.21014,32.94473],[-97.21008,32.94614],[-97.21298,32.94615],[-97.21291,32.94886],[-97.20868,32.94925],[-97.20877,32.94658],[-97.20555,32.94657],[-97.20537,32.94486],[-97.2045,32.94482],[-97.20431,32.94168],[-97.20312,32.94166],[-97.20304,32.94892],[-97.18574,32.94884],[-97.18582,32.9664],[-97.17889,32.96633],[-97.17809,32.96791],[-97.1781,32.97069],[-97.16974,32.97067],[-97.16973,32.97317],[-97.16817,32.97315],[-97.16813,32.97541],[-97.16564,32.97578],[-97.16563,32.97635],[-97.16204,32.97624],[-97.1681,32.98367],[-97.16799,32.98569],[-97.16721,32.98613],[-97.16702,33.01075],[-97.15771,33.01062],[-97.13355,32.9995],[-97.13359,32.992],[-97.13024,32.99034],[-97.08816,32.99007],[-97.1229,33.0023],[-97.1712,33.0296],[-97.1727,33.0332],[-97.17615,33.03693],[-97.17767,33.038],[-97.18004,33.03799],[-97.18049,33.03896],[-97.18219,33.03822],[-97.18164,33.04112],[-97.18216,33.04247],[-97.18052,33.04249],[-97.17979,33.0433],[-97.18103,33.04355],[-97.18092,33.04507],[-97.18176,33.04628],[-97.18049,33.04816],[-97.18142,33.04889],[-97.18035,33.04981],[-97.18287,33.051],[-97.1884,33.05096],[-97.20289,33.0546],[-97.20779,33.05771],[-97.23039,33.06448],[-97.24365,33.06471],[-97.23564,33.07987],[-97.23553,33.08578],[-97.23696,33.08454],[-97.24008,33.08477],[-97.24515,33.08364],[-97.24923,33.08507],[-97.26454,33.08505],[-97.26434,33.09553],[-97.26464,33.09579],[-97.26921,33.09573],[-97.27098,33.09558],[-97.27504,33.09062],[-97.27084,33.09104],[-97.27078,33.0955],[-97.26465,33.09569],[-97.26445,33.09372],[-97.26557,33.09373],[-97.26559,33.09271],[-97.26446,33.09269],[-97.26463,33.08505],[-97.27083,33.08513],[-97.27067,33.08041],[-97.27147,33.07894],[-97.27821,33.07599],[-97.27636,33.0747],[-97.27696,33.07384],[-97.27678,33.07061],[-97.27472,33.0695],[-97.27278,33.06991],[-97.27284,33.06879],[-97.26943,33.06598],[-97.26707,33.06576],[-97.26722,33.06409],[-97.26857,33.06378],[-97.26681,33.06212],[-97.26308,33.06164],[-97.26319,33.06273],[-97.26232,33.06325],[-97.26098,33.0622],[-97.25762,33.06253],[-97.25438,33.06107],[-97.25426,33.05812],[-97.25102,33.05239],[-97.27925,33.01998],[-97.30588,32.98172],[-97.30876,32.97259]]]}}]}